actual_class,predicted_class,xgboost_churn_probability,shap_reconstructed_probability,absolute_probability_difference
0,1,0.9995024,0.9995024,0.0
0,1,0.9998815,0.9998815,0.0
0,1,0.9972669,0.9972669,0.0
0,1,0.9999149,0.9999149,0.0
0,1,0.99997807,0.99997807,0.0
0,1,0.98911405,0.98911405,0.0
0,1,0.99795,0.99795,0.0
0,1,0.99376583,0.99376583,0.0
0,1,0.99991107,0.99991107,0.0
0,1,0.97983325,0.97983336,1.1920929e-07
0,1,0.99966276,0.99966276,0.0
0,1,0.9999262,0.9999262,0.0
0,1,0.99955565,0.99955565,0.0
0,1,0.9995024,0.9995024,0.0
1,1,0.998531,0.998531,0.0
0,1,0.999944,0.999944,0.0
0,1,0.84277755,0.8427774,1.7881393e-07
0,1,0.9924306,0.9924306,0.0
1,1,0.999864,0.999864,0.0
0,1,0.9999354,0.9999354,0.0
0,1,0.96159285,0.96159285,0.0
0,1,0.99994624,0.99994624,0.0
0,1,0.9999995,0.9999995,0.0
0,1,0.99991274,0.99991274,0.0
0,1,0.99990666,0.99990666,0.0
1,1,0.99995065,0.99995065,0.0
0,1,0.9998167,0.9998167,0.0
0,1,0.99901617,0.99901617,0.0
0,1,0.9999882,0.9999882,0.0
0,1,0.9866796,0.9866796,0.0
0,1,0.9995852,0.9995852,0.0
0,1,0.99988735,0.99988735,0.0
0,1,0.9978131,0.9978131,0.0
1,1,0.9999943,0.9999943,0.0
0,1,0.9999685,0.9999685,0.0
0,1,0.99996686,0.99996686,0.0
0,1,0.9953994,0.9953994,0.0
0,1,0.9947343,0.9947343,0.0
0,1,0.9969817,0.9969818,1.1920929e-07
0,1,0.99896526,0.99896526,0.0
0,1,0.9999354,0.9999354,0.0
0,1,0.99023575,0.99023575,0.0
0,1,0.99909055,0.99909055,0.0
0,1,0.92164946,0.9216495,5.9604645e-08
0,1,0.9994547,0.9994547,0.0
0,1,0.9984211,0.9984211,0.0
0,1,0.99741876,0.99741864,1.1920929e-07
0,1,0.9998729,0.9998729,0.0
0,1,0.999874,0.999874,0.0
0,1,0.999977,0.999977,0.0
0,1,0.9989586,0.9989586,0.0
0,1,0.94380033,0.94380033,0.0
0,1,0.9989624,0.9989624,0.0
0,1,0.99978393,0.99978393,0.0
0,1,0.99994624,0.99994624,0.0
1,1,0.9999727,0.9999727,0.0
0,1,0.9639591,0.96395916,5.9604645e-08
0,1,0.58515716,0.5851569,2.3841858e-07
0,1,0.99901617,0.99901617,0.0
0,1,0.9916931,0.99169296,1.1920929e-07
0,1,0.9888476,0.9888476,0.0
0,1,0.999944,0.999944,0.0
0,1,0.9980611,0.9980611,0.0
0,1,0.99901617,0.99901617,0.0
0,1,0.99997914,0.99997914,0.0
0,1,0.9994547,0.9994547,0.0
0,1,0.9850847,0.9850847,0.0
0,1,0.9999976,0.9999976,0.0
0,1,0.8539141,0.85391396,1.1920929e-07
0,1,0.99754035,0.99754035,0.0
0,1,0.9999466,0.9999466,0.0
0,1,0.99993086,0.99993086,0.0
1,1,0.99973375,0.99973375,0.0
0,1,0.97369224,0.97369224,0.0
0,1,0.99774927,0.99774927,0.0
0,1,0.9999604,0.9999604,0.0
0,1,0.9999945,0.9999945,0.0
0,1,0.88348615,0.88348633,1.7881393e-07
0,1,0.99966276,0.99966276,0.0
0,1,0.9979773,0.9979773,0.0
0,1,0.9997483,0.9997483,0.0
0,1,0.99995387,0.99995387,0.0
0,1,0.9997482,0.9997482,0.0
0,1,0.9832024,0.9832024,0.0
0,1,0.8671781,0.8671781,0.0
0,1,0.9994547,0.9994547,0.0
0,1,0.99984205,0.99984205,0.0
0,1,0.99999523,0.99999523,0.0
0,1,0.99915934,0.99915934,0.0
1,1,0.9999604,0.9999604,0.0
0,1,0.99978083,0.99978083,0.0
0,1,0.9999764,0.9999764,0.0
0,1,0.9996424,0.9996424,0.0
0,1,0.9997758,0.9997758,0.0
0,1,0.999997,0.999997,0.0
0,1,0.99994624,0.99994624,0.0
0,1,0.9645565,0.9645565,0.0
0,1,0.99993944,0.99993944,0.0
0,1,0.9993352,0.9993352,0.0
0,1,0.99981624,0.99981624,0.0
0,1,0.9963659,0.9963659,0.0
0,1,0.9997315,0.9997315,0.0
0,1,0.99931,0.99931,0.0
0,1,0.9999676,0.9999676,0.0
0,1,0.99996054,0.99996054,0.0
0,1,0.9994547,0.9994547,0.0
0,1,0.9999784,0.9999784,0.0
0,1,0.99854386,0.99854386,0.0
0,1,0.99995434,0.99995434,0.0
0,1,0.9996489,0.9996488,1.1920929e-07
1,1,0.9993079,0.9993079,0.0
0,1,0.53000796,0.53000766,2.9802322e-07
1,1,0.9999379,0.9999379,0.0
0,1,0.999561,0.999561,0.0
0,1,0.9998884,0.9998884,0.0
0,1,0.9998908,0.9998908,0.0
0,1,0.99998486,0.99998486,0.0
0,1,0.9953324,0.9953324,0.0
0,1,0.99912363,0.9991235,1.1920929e-07
0,1,0.9972156,0.9972156,0.0
1,1,0.99992716,0.99992716,0.0
0,1,0.98700005,0.98700017,1.1920929e-07
0,1,0.981558,0.981558,0.0
0,1,0.9994869,0.9994869,0.0
0,1,0.9987895,0.9987895,0.0
0,1,0.9997743,0.9997743,0.0
0,1,0.9999745,0.9999745,0.0
0,1,0.9742008,0.9742008,0.0
0,1,0.9806481,0.9806481,0.0
0,1,0.99993706,0.99993706,0.0
0,1,0.99910176,0.99910176,0.0
0,1,0.99875975,0.99875975,0.0
0,1,0.9882116,0.9882116,0.0
0,1,0.8601315,0.86013144,5.9604645e-08
0,1,0.9988738,0.9988738,0.0
0,1,0.994395,0.994395,0.0
0,1,0.99993193,0.99993193,0.0
0,1,0.9994962,0.9994962,0.0
0,1,0.99956864,0.99956864,0.0
0,1,0.99936014,0.99936014,0.0
0,1,0.99984527,0.99984527,0.0
0,0,0.09722098,0.097220935,4.4703484e-08
0,1,0.9998951,0.9998951,0.0
1,1,0.99991524,0.99991524,0.0
0,1,0.9987974,0.9987974,0.0
0,1,0.99824774,0.99824774,0.0
0,1,0.999874,0.999874,0.0
0,1,0.9999467,0.9999467,0.0
0,1,0.9999869,0.9999869,0.0
0,1,0.9921144,0.9921144,0.0
0,1,0.99869627,0.99869627,0.0
1,1,0.9944853,0.9944853,0.0
0,1,0.99966276,0.99966276,0.0
0,1,0.99967206,0.99967206,0.0
0,1,0.9999628,0.9999628,0.0
0,1,0.9999343,0.9999343,0.0
0,1,0.9952863,0.9952863,0.0
1,1,0.9992655,0.9992655,0.0
0,1,0.99865204,0.99865204,0.0
1,1,0.9999676,0.9999676,0.0
0,1,0.999987,0.999987,0.0
0,1,0.9998884,0.9998884,0.0
0,1,0.9623932,0.9623932,0.0
0,1,0.99988663,0.99988663,0.0
0,1,0.99610597,0.99610597,0.0
0,1,0.9996444,0.9996444,0.0
0,1,0.99995387,0.99995387,0.0
0,1,0.9998474,0.9998474,0.0
0,1,0.99921715,0.99921715,0.0
0,1,0.99999654,0.99999654,0.0
1,1,0.99998426,0.99998426,0.0
0,1,0.9999889,0.9999889,0.0
0,1,0.9993911,0.9993911,0.0
0,1,0.99990857,0.99990857,0.0
1,1,0.9994073,0.9994073,0.0
0,1,0.9721504,0.9721504,0.0
0,1,0.9684021,0.968402,5.9604645e-08
0,1,0.99900013,0.99900013,0.0
0,1,0.9999877,0.9999877,0.0
0,1,0.99999416,0.99999416,0.0
0,1,0.99991226,0.99991226,0.0
0,1,0.86823845,0.86823833,1.1920929e-07
0,1,0.9999604,0.9999604,0.0
1,1,0.99999094,0.99999094,0.0
0,1,0.9999771,0.9999771,0.0
0,1,0.9999622,0.9999622,0.0
0,1,0.9997372,0.9997372,0.0
0,1,0.9863577,0.98635757,1.1920929e-07
0,1,0.9993649,0.9993649,0.0
0,1,0.9999348,0.9999348,0.0
0,1,0.9200987,0.9200986,1.1920929e-07
0,1,0.99988306,0.99988306,0.0
0,1,0.99846315,0.99846315,0.0
0,1,0.99997556,0.99997556,0.0
0,1,0.99994624,0.99994624,0.0
0,1,0.99991596,0.99991596,0.0
0,1,0.99825126,0.99825126,0.0
0,1,0.9999424,0.9999424,0.0
0,1,0.9994547,0.9994547,0.0
0,1,0.9954159,0.9954159,0.0
0,1,0.9996082,0.9996082,0.0
0,1,0.9528252,0.9528252,0.0
0,1,0.94459754,0.94459766,1.1920929e-07
0,1,0.95330226,0.95330226,0.0
0,1,0.9999274,0.9999274,0.0
0,1,0.99995816,0.99995816,0.0
0,1,0.98544353,0.98544353,0.0
0,1,0.9981828,0.9981828,0.0
0,1,0.99926656,0.99926656,0.0
0,1,0.99999547,0.99999547,0.0
0,1,0.9997483,0.9997483,0.0
0,1,0.99971277,0.99971277,0.0
0,1,0.90330386,0.90330386,0.0
0,1,0.9999318,0.99993193,1.1920929e-07
0,1,0.9999658,0.9999658,0.0
0,1,0.99994624,0.99994624,0.0
0,1,0.99999607,0.99999607,0.0
0,1,0.9995024,0.9995024,0.0
0,1,0.999995,0.999995,0.0
0,1,0.96318096,0.96318096,0.0
0,1,0.9741736,0.9741736,0.0
0,1,0.9993789,0.9993789,0.0
0,1,0.99496657,0.99496645,1.1920929e-07
1,1,0.99998724,0.99998724,0.0
0,1,0.9994547,0.9994547,0.0
0,1,0.9994547,0.9994547,0.0
0,1,0.9997247,0.9997247,0.0
0,1,0.9999758,0.9999758,0.0
0,1,0.9991297,0.9991297,0.0
0,1,0.99449944,0.9944993,1.1920929e-07
0,1,0.99994624,0.99994624,0.0
0,1,0.9987231,0.9987231,0.0
0,1,0.9585249,0.9585249,0.0
0,1,0.9994273,0.9994273,0.0
0,1,0.99277216,0.99277216,0.0
0,1,0.99813735,0.99813735,0.0
0,1,0.9948487,0.9948487,0.0
0,1,0.9997694,0.9997694,0.0
0,1,0.9811235,0.9811235,0.0
0,1,0.9902947,0.9902947,0.0
0,1,0.999969,0.999969,0.0
0,1,0.9947082,0.9947082,0.0
0,1,0.9999752,0.9999752,0.0
0,1,0.9999535,0.9999535,0.0
0,1,0.9967187,0.9967187,0.0
0,1,0.99945587,0.99945587,0.0
0,1,0.99998796,0.99998796,0.0
0,1,0.9997495,0.9997495,0.0
0,1,0.99901617,0.99901617,0.0
0,1,0.9994937,0.9994937,0.0
0,1,0.9938407,0.9938407,0.0
0,1,0.99995744,0.99995744,0.0
0,1,0.9980165,0.9980165,0.0
0,1,0.998691,0.998691,0.0
0,1,0.99954104,0.99954104,0.0
1,1,0.99994385,0.99994385,0.0
0,1,0.99999785,0.99999785,0.0
0,1,0.9827654,0.9827654,0.0
0,1,0.9102736,0.9102735,1.1920929e-07
0,1,0.9984983,0.9984983,0.0
0,1,0.9999577,0.9999577,0.0
0,1,0.9987722,0.9987722,0.0
0,1,0.9947502,0.9947502,0.0
0,1,0.9999931,0.9999931,0.0
0,1,0.998782,0.998782,0.0
0,1,0.9999112,0.9999112,0.0
0,1,0.9998884,0.9998884,0.0
0,1,0.998283,0.998283,0.0
1,1,0.9988657,0.9988657,0.0
0,1,0.9994547,0.9994547,0.0
0,1,0.99758625,0.99758625,0.0
0,1,0.9993649,0.9993649,0.0
0,1,0.9981275,0.9981275,0.0
0,1,0.99658406,0.99658406,0.0
0,1,0.9994547,0.9994547,0.0
0,1,0.9991222,0.9991222,0.0
1,1,0.9999907,0.9999907,0.0
0,1,0.9998066,0.9998066,0.0
0,1,0.9983461,0.9983461,0.0
0,1,0.93827605,0.93827605,0.0
0,1,0.9994547,0.9994547,0.0
0,1,0.9999633,0.9999633,0.0
0,1,0.99986446,0.99986446,0.0
0,1,0.9999082,0.9999082,0.0
0,1,0.9999865,0.9999865,0.0
0,1,0.99354845,0.99354845,0.0
0,1,0.99879706,0.99879706,0.0
1,1,0.99995375,0.99995375,0.0
0,1,0.9931993,0.9931993,0.0
0,1,0.9999534,0.9999534,0.0
1,1,0.9993461,0.9993461,0.0
1,1,0.99992,0.99992,0.0
0,1,0.99960846,0.99960846,0.0
0,1,0.99981254,0.99981254,0.0
0,1,0.99998116,0.99998116,0.0
0,1,0.99652314,0.99652314,0.0
0,1,0.9999819,0.9999819,0.0
0,1,0.9999312,0.9999312,0.0
0,1,0.9207938,0.9207939,1.1920929e-07
0,1,0.99964476,0.99964476,0.0
0,1,0.99969876,0.99969876,0.0
0,1,0.9999876,0.9999876,0.0
0,1,0.99393976,0.99393976,0.0
0,1,0.99993,0.99993,0.0
0,1,0.9878219,0.9878219,0.0
0,1,0.9911679,0.9911679,0.0
0,1,0.99993694,0.99993694,0.0
0,1,0.9999218,0.9999218,0.0
0,1,0.9998512,0.9998512,0.0
0,1,0.9998228,0.9998228,0.0
0,1,0.91211283,0.91211283,0.0
0,1,0.9993349,0.9993349,0.0
0,1,0.99839324,0.99839324,0.0
0,1,0.9750968,0.9750968,0.0
0,1,0.9998815,0.9998815,0.0
0,1,0.9997993,0.9997993,0.0
0,1,0.9955598,0.9955598,0.0
1,1,0.99988747,0.99988747,0.0
0,1,0.9997483,0.9997483,0.0
0,1,0.9997378,0.9997378,0.0
0,1,0.9974936,0.9974936,0.0
0,1,0.9927234,0.9927234,0.0
0,1,0.9976101,0.9976101,0.0
0,1,0.99659866,0.99659866,0.0
0,1,0.99917465,0.99917465,0.0
0,1,0.99928576,0.99928576,0.0
0,1,0.9995103,0.9995103,0.0
0,1,0.9955381,0.9955381,0.0
0,1,0.99915254,0.99915254,0.0
0,1,0.99286604,0.99286604,0.0
0,1,0.9884914,0.9884914,0.0
0,1,0.99991775,0.99991775,0.0
0,1,0.98709667,0.98709667,0.0
0,1,0.99992335,0.99992335,0.0
0,1,0.9988605,0.9988605,0.0
1,1,0.99997175,0.99997175,0.0
0,1,0.9505752,0.9505752,0.0
0,1,0.99950945,0.99950945,0.0
0,1,0.9997651,0.9997651,0.0
0,1,0.98198676,0.98198676,0.0
0,1,0.99976796,0.99976796,0.0
0,1,0.99984837,0.99984837,0.0
0,1,0.99994564,0.99994564,0.0
0,1,0.999877,0.999877,0.0
0,1,0.99847025,0.99847025,0.0
0,1,0.99986815,0.99986815,0.0
0,1,0.9869348,0.9869348,0.0
0,1,0.9984351,0.9984351,0.0
0,1,0.9967765,0.9967765,0.0
0,1,0.9999974,0.9999974,0.0
0,1,0.9977876,0.9977876,0.0
0,1,0.99955565,0.99955565,0.0
0,1,0.9995515,0.9995515,0.0
0,1,0.99990726,0.99990726,0.0
0,1,0.9999976,0.9999976,0.0
0,1,0.99995184,0.99995184,0.0
0,1,0.99994624,0.99994624,0.0
0,1,0.9998148,0.9998148,0.0
1,1,0.9993025,0.9993025,0.0
0,1,0.99998176,0.99998176,0.0
1,1,0.99997175,0.99997175,0.0
0,1,0.99833953,0.99833953,0.0
0,1,0.9998723,0.9998723,0.0
0,1,0.99910694,0.99910694,0.0
0,1,0.9999076,0.9999076,0.0
0,1,0.9993661,0.9993661,0.0
0,1,0.9986418,0.9986418,0.0
0,1,0.9996718,0.9996718,0.0
0,1,0.99995124,0.99995124,0.0
0,1,0.9979405,0.9979405,0.0
0,1,0.9937308,0.99373066,1.1920929e-07
0,1,0.9994547,0.9994547,0.0
0,1,0.9999387,0.9999387,0.0
0,1,0.9902644,0.9902644,0.0
0,1,0.9946097,0.9946096,1.1920929e-07
0,1,0.999206,0.999206,0.0
0,1,0.9980725,0.9980725,0.0
0,1,0.9970817,0.9970817,0.0
0,1,0.9985372,0.9985372,0.0
0,1,0.9993406,0.9993406,0.0
0,1,0.99272835,0.99272835,0.0
0,1,0.99744725,0.99744725,0.0
0,1,0.99993265,0.99993265,0.0
0,1,0.9622708,0.9622708,0.0
0,1,0.9999968,0.9999968,0.0
0,1,0.99478686,0.99478686,0.0
0,1,0.9989759,0.9989759,0.0
0,1,0.74404764,0.7440478,1.7881393e-07
0,1,0.999979,0.999979,0.0
0,1,0.9998369,0.9998369,0.0
0,1,0.9850868,0.9850868,0.0
0,1,0.9999175,0.9999175,0.0
0,1,0.96159285,0.96159285,0.0
0,1,0.9999635,0.9999635,0.0
0,1,0.9991616,0.9991616,0.0
0,1,0.9999566,0.9999566,0.0
0,1,0.9936342,0.9936342,0.0
0,1,0.999997,0.999997,0.0
0,1,0.99988234,0.99988234,0.0
1,1,0.9998548,0.9998548,0.0
0,1,0.9996947,0.9996947,0.0
1,1,0.9999956,0.9999956,0.0
0,1,0.99993646,0.99993646,0.0
0,1,0.9873253,0.9873253,0.0
0,1,0.9478412,0.9478412,0.0
0,1,0.9703362,0.9703362,0.0
0,1,0.9999869,0.9999869,0.0
0,1,0.9963092,0.9963092,0.0
0,1,0.9999908,0.9999908,0.0
0,1,0.9986798,0.9986798,0.0
0,1,0.9935495,0.9935495,0.0
0,1,0.9999647,0.9999647,0.0
0,1,0.9996427,0.9996427,0.0
0,1,0.99941504,0.99941504,0.0
0,1,0.99945945,0.99945945,0.0
0,1,0.9993339,0.9993339,0.0
0,1,0.990351,0.990351,0.0
0,1,0.999997,0.999997,0.0
0,1,0.9995468,0.9995468,0.0
0,1,0.99991643,0.99991643,0.0
0,1,0.9999589,0.9999589,0.0
0,1,0.9999416,0.9999416,0.0
0,1,0.99993575,0.99993575,0.0
0,1,0.9991417,0.9991417,0.0
0,1,0.9924091,0.9924091,0.0
0,1,0.99975806,0.99975806,0.0
0,1,0.9999583,0.9999583,0.0
0,1,0.9638218,0.9638218,0.0
0,1,0.9997843,0.9997843,0.0
0,1,0.9987375,0.9987375,0.0
0,1,0.9999597,0.9999597,0.0
0,1,0.9996433,0.9996433,0.0
1,1,0.99999857,0.99999857,0.0
0,1,0.99987805,0.99987805,0.0
0,1,0.99896026,0.99896026,0.0
0,1,0.9992378,0.9992378,0.0
0,1,0.9978472,0.9978472,0.0
0,1,0.9999597,0.9999597,0.0
0,1,0.8930151,0.8930151,0.0
0,1,0.94983053,0.94983053,0.0
0,1,0.99991226,0.99991226,0.0
0,1,0.9999441,0.9999441,0.0
0,1,0.9996419,0.9996419,0.0
0,1,0.9692742,0.9692742,0.0
0,1,0.999987,0.999987,0.0
0,1,0.96159285,0.96159285,0.0
0,1,0.99925154,0.99925154,0.0
1,1,0.9560688,0.95606893,1.1920929e-07
0,1,0.9999527,0.9999527,0.0
0,1,0.999757,0.999757,0.0
1,1,0.99999106,0.99999106,0.0
0,1,0.99999094,0.99999094,0.0
1,1,0.99994004,0.99994004,0.0
0,1,0.9942485,0.9942485,0.0
0,1,0.9997887,0.9997887,0.0
0,1,0.9996762,0.9996762,0.0
0,1,0.99996746,0.99996746,0.0
0,1,0.9998056,0.9998056,0.0
0,1,0.9999795,0.9999795,0.0
0,1,0.9999541,0.9999541,0.0
0,1,0.9998981,0.9998981,0.0
0,1,0.99984515,0.99984515,0.0
0,1,0.99940515,0.99940515,0.0
0,1,0.96159285,0.96159285,0.0
0,1,0.99979335,0.99979335,0.0
0,1,0.9999654,0.9999654,0.0
0,1,0.9999695,0.9999695,0.0
0,1,0.9996427,0.9996427,0.0
0,1,0.9989735,0.99897337,1.1920929e-07
0,1,0.9999534,0.9999534,0.0
0,1,0.99980575,0.99980575,0.0
0,1,0.99657816,0.99657816,0.0
0,1,0.9931217,0.9931217,0.0
0,1,0.99996686,0.99996686,0.0
0,1,0.9996427,0.9996427,0.0
0,1,0.99992216,0.99992216,0.0
0,1,0.9995801,0.9995801,0.0
1,1,0.9999747,0.9999747,0.0
0,1,0.99901617,0.99901617,0.0
0,1,0.9979873,0.9979873,0.0
0,1,0.99999523,0.99999523,0.0
0,1,0.9967685,0.9967685,0.0
0,1,0.9996332,0.9996332,0.0
0,1,0.9995024,0.9995024,0.0
0,1,0.999613,0.999613,0.0
0,1,0.996588,0.996588,0.0
0,1,0.9937615,0.9937615,0.0
0,1,0.9999554,0.9999554,0.0
0,1,0.99839896,0.99839896,0.0
1,1,0.96159285,0.96159285,0.0
0,1,0.9996749,0.9996749,0.0
0,1,0.9965779,0.9965779,0.0
1,1,0.99999106,0.99999106,0.0
1,1,0.9999697,0.9999697,0.0
0,1,0.9999809,0.9999809,0.0
0,1,0.9999672,0.9999672,0.0
0,1,0.9997904,0.9997904,0.0
0,1,0.9998846,0.9998846,0.0
0,1,0.9280161,0.92801607,5.9604645e-08
1,1,0.99564254,0.99564254,0.0
0,1,0.9997124,0.9997124,0.0
0,1,0.99976116,0.99976116,0.0
0,1,0.9999614,0.9999614,0.0
1,1,0.99994874,0.99994874,0.0
0,1,0.99992836,0.99992836,0.0
0,1,0.99958473,0.99958473,0.0
0,1,0.9999839,0.9999839,0.0
0,1,0.99998677,0.99998677,0.0
0,1,0.9992046,0.9992046,0.0
0,1,0.999977,0.999977,0.0
0,1,0.99919254,0.99919254,0.0
0,1,0.9999652,0.9999652,0.0
0,1,0.999206,0.999206,0.0
0,1,0.9997148,0.9997148,0.0
0,1,0.9914676,0.9914676,0.0
0,1,0.999997,0.999997,0.0
0,1,0.9349668,0.9349668,0.0
0,1,0.9996984,0.9996984,0.0
0,1,0.99894935,0.99894935,0.0
0,1,0.9989336,0.9989336,0.0
0,1,0.99456006,0.99456006,0.0
0,1,0.99975616,0.99975616,0.0
0,1,0.9994547,0.9994547,0.0
0,1,0.97652835,0.97652835,0.0
0,1,0.9998809,0.9998809,0.0
0,1,0.97695667,0.97695667,0.0
1,1,0.9999769,0.9999769,0.0
0,1,0.9998615,0.9998615,0.0
0,1,0.98826605,0.98826605,0.0
0,1,0.9961421,0.99614197,1.1920929e-07
0,1,0.9960938,0.9960938,0.0
0,1,0.9999739,0.9999739,0.0
0,1,0.9993649,0.9993649,0.0
1,1,0.99821424,0.99821424,0.0
0,1,0.99013245,0.99013245,0.0
0,1,0.9998815,0.9998815,0.0
0,1,0.9954833,0.9954833,0.0
1,1,0.9999801,0.9999801,0.0
0,1,0.9993481,0.9993481,0.0
0,1,0.9996427,0.9996427,0.0
0,1,0.9795681,0.9795681,0.0
0,1,0.9999578,0.9999578,0.0
0,1,0.99996495,0.99996495,0.0
0,1,0.96162945,0.96162945,0.0
0,1,0.999997,0.999997,0.0
0,1,0.99998,0.99998,0.0
0,1,0.9987307,0.9987307,0.0
0,1,0.97259176,0.97259164,1.1920929e-07
0,1,0.9998884,0.9998884,0.0
0,1,0.99994135,0.99994135,0.0
0,1,0.9998821,0.9998821,0.0
0,1,0.99925715,0.99925715,0.0
0,1,0.9984841,0.9984841,0.0
0,1,0.955416,0.955416,0.0
0,1,0.99901617,0.99901617,0.0
0,1,0.9999107,0.9999107,0.0
0,1,0.9998779,0.9998779,0.0
0,1,0.9302489,0.9302488,1.1920929e-07
0,1,0.99856263,0.99856263,0.0
0,1,0.9998914,0.9998914,0.0
1,1,0.999982,0.999982,0.0
0,1,0.9998679,0.9998679,0.0
0,1,0.99996686,0.99996686,0.0
0,1,0.9999176,0.9999176,0.0
0,1,0.99752444,0.99752444,0.0
0,1,0.99901617,0.99901617,0.0
0,1,0.9999615,0.9999615,0.0
0,1,0.9995598,0.9995598,0.0
0,1,0.9998733,0.9998733,0.0
0,1,0.989499,0.989499,0.0
0,1,0.99997294,0.99997294,0.0
0,1,0.99996936,0.99996936,0.0
1,1,0.9999882,0.9999882,0.0
0,1,0.9998658,0.9998658,0.0
0,1,0.9954833,0.9954833,0.0
0,1,0.9999052,0.9999052,0.0
0,1,0.99995685,0.99995685,0.0
0,1,0.99878937,0.99878937,0.0
0,1,0.9998215,0.9998215,0.0
0,1,0.9988925,0.9988925,0.0
0,1,0.99698323,0.99698323,0.0
0,1,0.9612901,0.9612901,0.0
1,1,0.99999094,0.99999094,0.0
1,1,0.99986935,0.99986935,0.0
0,1,0.9996718,0.9996718,0.0
0,1,0.99994636,0.99994636,0.0
0,1,0.94196194,0.94196194,0.0
0,1,0.99966705,0.99966705,0.0
0,1,0.99996674,0.99996674,0.0
0,1,0.99841106,0.99841106,0.0
1,1,0.9999658,0.9999658,0.0
1,1,0.9992072,0.9992072,0.0
0,1,0.9379752,0.9379752,0.0
0,1,0.9999882,0.9999882,0.0
0,1,0.9985362,0.9985362,0.0
0,1,0.99829584,0.99829584,0.0
0,1,0.9999751,0.9999751,0.0
0,1,0.9993851,0.9993851,0.0
0,1,0.99979466,0.99979466,0.0
0,1,0.9983752,0.9983752,0.0
0,1,0.9940409,0.9940409,0.0
0,1,0.9997689,0.9997689,0.0
0,1,0.9980471,0.9980471,0.0
0,1,0.99998116,0.99998116,0.0
0,1,0.99890244,0.99890244,0.0
0,1,0.9998498,0.9998498,0.0
0,1,0.9998578,0.9998578,0.0
0,1,0.9995685,0.9995685,0.0
1,1,0.9999716,0.9999716,0.0
0,1,0.9996203,0.9996203,0.0
1,1,0.99999094,0.99999094,0.0
0,1,0.99655366,0.99655366,0.0
0,1,0.8346632,0.8346633,5.9604645e-08
0,1,0.9999403,0.9999403,0.0
0,1,0.9993649,0.9993649,0.0
1,1,0.9999764,0.9999764,0.0
0,1,0.9994547,0.9994547,0.0
0,1,0.99995196,0.99995196,0.0
0,1,0.9995024,0.9995024,0.0
0,1,0.99994254,0.99994254,0.0
1,1,0.999982,0.999982,0.0
0,1,0.9999461,0.9999461,0.0
0,1,0.999944,0.999944,0.0
0,1,0.99979943,0.99979943,0.0
0,1,0.99744344,0.99744344,0.0
0,1,0.99994946,0.99994934,1.1920929e-07
0,1,0.99994767,0.99994767,0.0
0,1,0.9999678,0.9999678,0.0
0,1,0.9999925,0.9999925,0.0
0,1,0.99826497,0.99826497,0.0
0,1,0.9381457,0.9381457,0.0
0,1,0.9999708,0.9999708,0.0
0,1,0.9993711,0.9993711,0.0
0,1,0.9996731,0.9996731,0.0
0,1,0.98368526,0.98368526,0.0
0,1,0.9999293,0.9999293,0.0
1,1,0.99999297,0.99999297,0.0
0,1,0.99976295,0.99976295,0.0
0,1,0.999997,0.999997,0.0
0,1,0.98736435,0.98736423,1.1920929e-07
0,1,0.99971884,0.99971884,0.0
0,1,0.99992216,0.99992216,0.0
0,1,0.99935573,0.99935573,0.0
0,1,0.9993298,0.9993298,0.0
0,1,0.97907674,0.97907674,0.0
0,1,0.9988544,0.9988544,0.0
1,1,0.9996625,0.9996625,0.0
0,1,0.9996674,0.9996674,0.0
0,1,0.99997914,0.99997914,0.0
0,1,0.9975955,0.9975955,0.0
0,1,0.99981135,0.99981135,0.0
0,1,0.99740356,0.99740356,0.0
1,1,0.99999356,0.99999356,0.0
0,1,0.9999409,0.9999409,0.0
1,1,0.9997023,0.9997023,0.0
0,1,0.9994923,0.9994923,0.0
0,1,0.9839166,0.9839166,0.0
0,1,0.99999666,0.99999666,0.0
0,1,0.9995003,0.9995003,0.0
1,1,0.9956065,0.9956065,0.0
0,1,0.9997247,0.9997247,0.0
0,1,0.99991155,0.99991155,0.0
0,1,0.98682404,0.98682404,0.0
0,1,0.84171987,0.8417199,5.9604645e-08
0,1,0.99718165,0.99718165,0.0
0,1,0.9999647,0.9999647,0.0
0,1,0.99901617,0.99901617,0.0
0,1,0.9969303,0.9969303,0.0
0,1,0.99786407,0.99786407,0.0
0,1,0.9995459,0.9995459,0.0
0,1,0.9215339,0.9215339,0.0
0,1,0.99994624,0.99994624,0.0
0,1,0.999944,0.999944,0.0
0,1,0.99997854,0.99997854,0.0
0,1,0.99944085,0.99944085,0.0
0,1,0.99734914,0.99734914,0.0
0,1,0.96159285,0.96159285,0.0
0,1,0.99581796,0.99581796,0.0
0,1,0.96346265,0.96346265,0.0
0,1,0.99803776,0.99803776,0.0
0,1,0.9769365,0.9769365,0.0
0,1,0.99992836,0.99992836,0.0
1,1,0.9999609,0.9999609,0.0
0,1,0.9994937,0.9994937,0.0
0,1,0.99954104,0.99954104,0.0
0,1,0.99772316,0.99772316,0.0
0,1,0.999946,0.999946,0.0
0,1,0.99988294,0.99988294,0.0
0,1,0.99903107,0.99903107,0.0
0,1,0.9970931,0.9970931,0.0
0,1,0.99531156,0.99531156,0.0
0,1,0.9999343,0.9999343,0.0
0,1,0.993789,0.993789,0.0
0,1,0.9999168,0.9999168,0.0
1,1,0.99999034,0.99999034,0.0
0,1,0.99399614,0.99399614,0.0
0,1,0.98135453,0.9813545,5.9604645e-08
0,1,0.99518824,0.99518824,0.0
0,1,0.99993765,0.99993765,0.0
0,1,0.99993205,0.99993205,0.0
0,1,0.9999502,0.9999502,0.0
0,1,0.99988043,0.99988043,0.0
0,1,0.999997,0.999997,0.0
0,1,0.99265385,0.99265385,0.0
0,1,0.99986184,0.99986184,0.0
0,1,0.9999931,0.9999931,0.0
0,1,0.99733645,0.99733645,0.0
0,1,0.99968827,0.99968827,0.0
0,1,0.9997584,0.9997584,0.0
0,1,0.99999297,0.99999297,0.0
0,1,0.94477785,0.94477785,0.0
0,1,0.9999517,0.9999517,0.0
0,1,0.99561995,0.99561995,0.0
0,1,0.9968328,0.9968328,0.0
0,1,0.99910873,0.99910873,0.0
0,1,0.99994814,0.99994814,0.0
0,1,0.9999846,0.9999846,0.0
0,1,0.9946616,0.9946616,0.0
0,1,0.9999629,0.9999629,0.0
0,1,0.9833814,0.9833814,0.0
0,1,0.93889385,0.93889385,0.0
0,1,0.99896383,0.99896383,0.0
0,1,0.99995315,0.99995315,0.0
0,1,0.9999306,0.9999306,0.0
0,1,0.99977034,0.99977034,0.0
0,1,0.99749845,0.99749845,0.0
0,1,0.9999938,0.9999938,0.0
0,1,0.99919015,0.99919015,0.0
0,1,0.99992836,0.99992836,0.0
0,1,0.977705,0.977705,0.0
1,1,0.9999697,0.9999697,0.0
0,1,0.9988951,0.9988951,0.0
0,1,0.99113864,0.99113864,0.0
1,1,0.99996996,0.99996996,0.0
0,1,0.9992367,0.9992367,0.0
1,1,0.99988127,0.99988127,0.0
0,1,0.9968811,0.9968811,0.0
0,1,0.98783445,0.98783445,0.0
0,1,0.9921881,0.9921881,0.0
1,1,0.9334342,0.9334342,0.0
0,1,0.99956983,0.99956983,0.0
0,1,0.91293555,0.91293555,0.0
0,1,0.99968743,0.99968743,0.0
0,1,0.9985984,0.9985984,0.0
1,1,0.9833778,0.9833778,0.0
0,1,0.9913051,0.9913051,0.0
0,1,0.9983883,0.9983883,0.0
1,1,0.99842024,0.99842024,0.0
0,1,0.99979264,0.99979264,0.0
0,1,0.9994103,0.9994103,0.0
1,1,0.9935267,0.9935267,0.0
0,1,0.999977,0.999977,0.0
0,1,0.84163916,0.84163916,0.0
0,1,0.99980277,0.99980277,0.0
0,1,0.99885714,0.99885714,0.0
1,1,0.9996375,0.9996375,0.0
0,1,0.99921644,0.99921644,0.0
0,1,0.99793315,0.99793315,0.0
0,1,0.9988883,0.9988883,0.0
0,1,0.976265,0.976265,0.0
0,1,0.9845077,0.9845077,0.0
1,1,0.9973648,0.9973648,0.0
0,1,0.9880959,0.9880959,0.0
0,1,0.9887244,0.9887244,0.0
0,1,0.999298,0.999298,0.0
0,1,0.9999819,0.9999819,0.0
0,1,0.987586,0.987586,0.0
0,1,0.99998796,0.99998796,0.0
0,1,0.999977,0.999977,0.0
0,1,0.99966276,0.99966276,0.0
0,1,0.9947082,0.9947082,0.0
0,1,0.999206,0.999206,0.0
0,1,0.97852474,0.97852486,1.1920929e-07
0,1,0.99991643,0.99991643,0.0
0,1,0.999767,0.999767,0.0
0,1,0.9954945,0.9954945,0.0
0,1,0.99914515,0.99914515,0.0
0,1,0.998965,0.998965,0.0
0,1,0.99997187,0.99997187,0.0
0,1,0.99558073,0.99558073,0.0
0,1,0.99995995,0.99995995,0.0
0,1,0.9929489,0.9929489,0.0
0,1,0.9989467,0.9989467,0.0
0,1,0.99909294,0.99909294,0.0
0,1,0.99979395,0.99979395,0.0
0,1,0.99993324,0.99993324,0.0
0,1,0.99901617,0.99901617,0.0
0,1,0.99339986,0.99339986,0.0
0,1,0.999907,0.999907,0.0
0,1,0.99671423,0.99671423,0.0
0,1,0.95188916,0.95188916,0.0
0,1,0.99991584,0.99991584,0.0
0,1,0.9989881,0.9989881,0.0
0,1,0.9964987,0.9964987,0.0
0,1,0.99614644,0.99614644,0.0
0,1,0.99939704,0.99939704,0.0
0,1,0.99952257,0.99952257,0.0
0,1,0.9822838,0.9822838,0.0
1,1,0.99782014,0.99782014,0.0
0,1,0.9998797,0.9998797,0.0
0,1,0.99417615,0.99417615,0.0
0,1,0.9999106,0.9999106,0.0
0,1,0.9999887,0.9999887,0.0
0,1,0.99991596,0.99991596,0.0
0,1,0.999977,0.999977,0.0
0,1,0.9999714,0.9999714,0.0
0,1,0.9998035,0.9998035,0.0
0,1,0.9997782,0.9997782,0.0
0,1,0.9947082,0.9947082,0.0
0,1,0.9999486,0.9999486,0.0
0,1,0.99481624,0.99481624,0.0
0,1,0.9998005,0.9998005,0.0
0,1,0.9999784,0.9999784,0.0
0,1,0.999464,0.999464,0.0
0,1,0.99474335,0.99474335,0.0
1,1,0.98265934,0.98265934,0.0
0,1,0.9950069,0.9950069,0.0
0,1,0.99793315,0.99793315,0.0
0,1,0.994507,0.99450713,1.1920929e-07
0,1,0.9982734,0.9982734,0.0
0,1,0.99473405,0.99473405,0.0
0,1,0.9999547,0.9999547,0.0
1,1,0.9999703,0.9999703,0.0
0,1,0.9998443,0.9998443,0.0
0,1,0.9999373,0.9999373,0.0
0,1,0.99601895,0.99601895,0.0
0,1,0.99789387,0.99789387,0.0
0,1,0.9997253,0.9997253,0.0
0,1,0.99988043,0.99988043,0.0
0,1,0.9999877,0.9999877,0.0
1,1,0.9999528,0.9999528,0.0
0,1,0.9989278,0.9989278,0.0
0,1,0.9158143,0.9158143,0.0
0,1,0.9999242,0.9999242,0.0
0,1,0.99996233,0.99996233,0.0
0,1,0.9954385,0.9954385,0.0
0,1,0.99963665,0.99963665,0.0
0,1,0.9999877,0.9999877,0.0
0,1,0.9979849,0.9979849,0.0
1,1,0.99423087,0.99423087,0.0
0,1,0.99996877,0.99996877,0.0
1,1,0.999915,0.999915,0.0
0,1,0.99969363,0.99969363,0.0
0,1,0.999941,0.999941,0.0
0,1,0.99999595,0.99999595,0.0
0,1,0.9998173,0.9998173,0.0
0,1,0.99997914,0.99997914,0.0
0,1,0.9813107,0.9813106,1.1920929e-07
0,1,0.99991333,0.99991333,0.0
0,1,0.9994547,0.9994547,0.0
0,1,0.99992144,0.99992144,0.0
0,1,0.9984219,0.9984219,0.0
0,1,0.999206,0.999206,0.0
0,1,0.9995034,0.9995034,0.0
0,1,0.99997056,0.99997056,0.0
0,1,0.9999932,0.9999932,0.0
0,1,0.9999553,0.9999553,0.0
0,1,0.99901617,0.99901617,0.0
0,1,0.99083894,0.99083894,0.0
1,1,0.99999404,0.99999404,0.0
0,1,0.99988973,0.99988973,0.0
0,1,0.99994886,0.99994886,0.0
0,1,0.95496714,0.95496714,0.0
0,1,0.9997826,0.9997826,0.0
0,1,0.98140335,0.98140335,0.0
0,1,0.9977556,0.9977556,0.0
0,1,0.99800235,0.99800235,0.0
0,1,0.96857375,0.96857375,0.0
1,1,0.9999809,0.9999809,0.0
0,1,0.9999747,0.9999747,0.0
0,1,0.9970108,0.9970108,0.0
0,1,0.99992263,0.99992263,0.0
0,1,0.999752,0.999752,0.0
0,1,0.99965346,0.99965346,0.0
0,1,0.9442484,0.9442484,0.0
0,1,0.9999795,0.9999795,0.0
0,1,0.99306786,0.99306786,0.0
0,1,0.9991435,0.9991435,0.0
0,1,0.9955444,0.9955444,0.0
0,1,0.9999398,0.9999398,0.0
1,1,0.999483,0.999483,0.0
0,1,0.99999857,0.99999857,0.0
0,1,0.99998367,0.99998367,0.0
0,1,0.9995096,0.9995096,0.0
0,1,0.99992836,0.99992836,0.0
0,1,0.9998517,0.9998517,0.0
0,1,0.9999875,0.9999875,0.0
1,1,0.99256563,0.99256563,0.0
0,1,0.9994547,0.9994547,0.0
0,1,0.99999547,0.99999547,0.0
0,1,0.9882904,0.9882904,0.0
0,1,0.9893969,0.9893969,0.0
0,1,0.9997365,0.9997365,0.0
0,1,0.99928576,0.99928576,0.0
0,1,0.9998047,0.9998047,0.0
0,1,0.9591805,0.9591805,0.0
0,1,0.9999714,0.9999714,0.0
0,1,0.9999589,0.9999589,0.0
0,1,0.98436654,0.98436654,0.0
0,1,0.99977857,0.99977857,0.0
0,1,0.9995024,0.9995024,0.0
0,1,0.9997148,0.9997148,0.0
1,1,0.9999957,0.9999957,0.0
0,1,0.99997914,0.99997914,0.0
0,1,0.99322236,0.99322236,0.0
0,1,0.99953175,0.99953175,0.0
0,0,0.22969982,0.22969967,1.4901161e-07
0,1,0.99996114,0.99996114,0.0
0,1,0.99910694,0.99910694,0.0
0,1,0.838964,0.838964,0.0
0,1,0.9981457,0.9981457,0.0
0,1,0.9993649,0.9993649,0.0
0,1,0.99884087,0.99884087,0.0
0,1,0.9999349,0.9999349,0.0
0,1,0.99952364,0.99952364,0.0
0,1,0.99576306,0.99576306,0.0
0,1,0.99793315,0.99793315,0.0
0,1,0.99996567,0.99996567,0.0
0,1,0.99795,0.99795,0.0
0,1,0.99962044,0.99962044,0.0
1,1,0.9999906,0.9999906,0.0
0,1,0.9999809,0.9999809,0.0
1,1,0.9999924,0.9999924,0.0
0,1,0.99894994,0.99894994,0.0
0,1,0.95548993,0.95548993,0.0
0,1,0.9990195,0.9990195,0.0
0,1,0.9997615,0.9997615,0.0
0,1,0.99997735,0.99997735,0.0
0,1,0.99842346,0.99842334,1.1920929e-07
0,1,0.9995024,0.9995024,0.0
0,1,0.9994547,0.9994547,0.0
0,1,0.9870252,0.9870252,0.0
0,1,0.98962235,0.9896225,1.1920929e-07
0,1,0.9457432,0.9457432,0.0
0,1,0.9998884,0.9998884,0.0
0,1,0.9997179,0.9997179,0.0
0,1,0.99973255,0.99973255,0.0
0,1,0.99996376,0.99996376,0.0
0,1,0.99921715,0.99921715,0.0
0,1,0.9983246,0.9983246,0.0
0,1,0.9973859,0.9973859,0.0
0,1,0.9997733,0.9997733,0.0
0,1,0.99934226,0.99934226,0.0
0,1,0.9930501,0.9930501,0.0
0,1,0.81892276,0.81892276,0.0
0,1,0.999752,0.999752,0.0
0,1,0.9993691,0.9993691,0.0
1,1,0.9957974,0.9957973,1.1920929e-07
0,1,0.99996245,0.99996245,0.0
0,1,0.99996114,0.99996114,0.0
0,1,0.99970824,0.99970824,0.0
0,1,0.96550035,0.96550035,0.0
0,1,0.9994685,0.9994685,0.0
1,1,0.99914455,0.99914455,0.0
0,1,0.999243,0.999243,0.0
0,1,0.999206,0.999206,0.0
0,1,0.99083894,0.99083894,0.0
0,1,0.9999397,0.9999397,0.0
0,1,0.994812,0.994812,0.0
1,1,0.9999981,0.9999981,0.0
0,1,0.9961959,0.9961959,0.0
0,1,0.99996686,0.99996686,0.0
0,1,0.9966696,0.9966696,0.0
0,1,0.99946517,0.99946517,0.0
1,1,0.9999932,0.9999932,0.0
0,1,0.99897873,0.99897873,0.0
0,1,0.9999927,0.9999927,0.0
0,1,0.99901617,0.99901617,0.0
0,1,0.9994547,0.9994547,0.0
0,1,0.9949452,0.9949452,0.0
0,1,0.99773264,0.99773264,0.0
0,1,0.9994937,0.9994937,0.0
0,1,0.9994547,0.9994547,0.0
0,1,0.99990714,0.99990714,0.0
1,1,0.9966401,0.9966401,0.0
0,1,0.9981908,0.9981908,0.0
0,1,0.99992836,0.99992836,0.0
0,1,0.9998443,0.9998443,0.0
0,1,0.9988991,0.9988991,0.0
0,1,0.99852043,0.99852043,0.0
0,1,0.99795,0.99795,0.0
0,1,0.99983335,0.99983335,0.0
0,1,0.9992034,0.9992034,0.0
0,1,0.9999696,0.9999696,0.0
0,1,0.9920041,0.9920041,0.0
0,1,0.9996526,0.9996526,0.0
0,1,0.99936074,0.99936074,0.0
0,1,0.9952526,0.9952526,0.0
0,1,0.9914745,0.9914745,0.0
0,1,0.9982527,0.9982527,0.0
1,1,0.9992617,0.9992617,0.0
0,1,0.9965305,0.9965305,0.0
0,1,0.99983513,0.99983513,0.0
0,1,0.98454267,0.98454267,0.0
0,1,0.9946978,0.9946978,0.0
0,1,0.99996686,0.99996686,0.0
0,1,0.9998996,0.9998996,0.0
0,1,0.9998253,0.9998253,0.0
0,1,0.99997234,0.99997234,0.0
0,1,0.992195,0.992195,0.0
1,1,0.99810696,0.99810696,0.0
0,1,0.9999503,0.9999503,0.0
0,1,0.96159285,0.96159285,0.0
0,1,0.9998884,0.9998884,0.0
0,1,0.9999511,0.9999511,0.0
0,1,0.9997626,0.9997626,0.0
0,1,0.99958295,0.99958295,0.0
0,1,0.99275255,0.99275255,0.0
0,1,0.9917646,0.9917646,0.0
0,1,0.9989152,0.9989152,0.0
0,1,0.99968076,0.99968076,0.0
0,1,0.99994624,0.99994624,0.0
0,1,0.9963134,0.9963134,0.0
0,1,0.99999297,0.99999297,0.0
0,1,0.9999839,0.9999839,0.0
0,1,0.9985038,0.9985038,0.0
0,1,0.99947006,0.99947006,0.0
0,1,0.91800326,0.91800326,0.0
0,1,0.9993895,0.9993895,0.0
0,1,0.99988234,0.99988234,0.0
0,1,0.99512094,0.99512094,0.0
0,1,0.99904305,0.99904305,0.0
0,1,0.9865785,0.9865785,0.0
0,1,0.98520505,0.98520505,0.0
0,1,0.99238974,0.99238974,0.0
0,1,0.99978954,0.99978954,0.0
0,1,0.96159285,0.96159285,0.0
0,1,0.994966,0.994966,0.0
0,1,0.99508923,0.99508923,0.0
0,1,0.9912072,0.9912072,0.0
0,1,0.9999769,0.9999769,0.0
0,1,0.99501836,0.99501836,0.0
0,1,0.99950457,0.99950457,0.0
0,1,0.9999721,0.9999721,0.0
0,1,0.99805427,0.99805427,0.0
0,1,0.99997056,0.99997056,0.0
0,1,0.99981135,0.99981135,0.0
0,1,0.99994624,0.99994624,0.0
0,1,0.99963355,0.99963355,0.0
0,1,0.99982506,0.99982506,0.0
0,1,0.99954295,0.99954295,0.0
0,1,0.9470331,0.9470331,0.0
0,1,0.9999665,0.9999665,0.0
0,1,0.9995993,0.9995993,0.0
0,1,0.997747,0.997747,0.0
0,1,0.9997805,0.9997805,0.0
0,1,0.9997998,0.9997998,0.0
0,1,0.8986077,0.8986077,0.0
0,1,0.99901617,0.99901617,0.0
0,1,0.99991286,0.99991286,0.0
0,1,0.99992204,0.99992204,0.0
0,1,0.9990557,0.9990557,0.0
0,1,0.9999132,0.9999132,0.0
0,1,0.9999628,0.9999628,0.0
0,1,0.9885797,0.9885797,0.0
0,1,0.976029,0.976029,0.0
0,1,0.9561275,0.9561275,0.0
0,1,0.99997616,0.99997616,0.0
0,1,0.9999752,0.9999752,0.0
0,1,0.9993649,0.9993649,0.0
0,1,0.99859697,0.99859697,0.0
0,1,0.9985727,0.9985727,0.0
0,1,0.9994136,0.9994136,0.0
0,1,0.99082804,0.99082804,0.0
0,1,0.9989203,0.9989203,0.0
0,1,0.9995534,0.9995534,0.0
0,1,0.9999622,0.9999622,0.0
0,1,0.9981351,0.9981351,0.0
1,1,0.9999707,0.9999707,0.0
0,1,0.99576014,0.99576014,0.0
0,1,0.99751294,0.99751294,0.0
0,1,0.9935516,0.9935516,0.0
0,1,0.94804037,0.9480405,1.1920929e-07
0,1,0.99995446,0.99995446,0.0
0,1,0.9999442,0.9999442,0.0
0,1,0.9999783,0.9999783,0.0
0,1,0.94778454,0.94778454,0.0
0,1,0.99486005,0.99486005,0.0
0,1,0.9991007,0.9991007,0.0
0,0,0.44996482,0.44996482,0.0
0,1,0.9998677,0.9998677,0.0
0,1,0.9999461,0.9999461,0.0
0,1,0.9856634,0.98566335,5.9604645e-08
0,1,0.9997329,0.9997329,0.0
0,1,0.9949404,0.9949405,1.1920929e-07
0,1,0.9988501,0.9988501,0.0
1,1,0.99901617,0.99901617,0.0
0,1,0.999977,0.999977,0.0
0,1,0.9997042,0.9997042,0.0
0,1,0.9999536,0.9999536,0.0
0,1,0.9957611,0.9957611,0.0
0,1,0.78241074,0.7824107,5.9604645e-08
0,1,0.999752,0.999752,0.0
0,1,0.999997,0.999997,0.0
0,1,0.9998161,0.9998161,0.0
0,1,0.9933349,0.9933349,0.0
0,1,0.63715285,0.6371528,5.9604645e-08
0,1,0.9999981,0.9999981,0.0
0,1,0.9998908,0.9998908,0.0
0,1,0.99860424,0.99860424,0.0
0,1,0.9998555,0.9998555,0.0
0,1,0.99996686,0.99996686,0.0
0,1,0.9999442,0.9999442,0.0
0,1,0.9991749,0.9991749,0.0
1,1,0.9962625,0.9962625,0.0
0,1,0.9992675,0.9992675,0.0
1,1,0.9999244,0.9999244,0.0
1,1,0.9999801,0.9999801,0.0
0,1,0.99998784,0.99998784,0.0
0,1,0.97797936,0.97797936,0.0
0,1,0.9994168,0.9994168,0.0
0,1,0.99994993,0.99994993,0.0
0,1,0.9995024,0.9995024,0.0
0,1,0.98199755,0.98199755,0.0
0,1,0.9999888,0.9999888,0.0
0,1,0.98791194,0.98791194,0.0
0,1,0.9999193,0.9999193,0.0
1,1,0.9988545,0.9988545,0.0
0,1,0.84471637,0.84471637,0.0
0,1,0.9990951,0.9990951,0.0
0,1,0.99994624,0.99994624,0.0
0,1,0.9999703,0.9999703,0.0
1,1,0.9994104,0.9994104,0.0
0,1,0.998159,0.998159,0.0
0,1,0.9976673,0.9976673,0.0
0,1,0.9878842,0.9878842,0.0
0,1,0.97930783,0.97930783,0.0
0,1,0.99999166,0.99999166,0.0
0,1,0.9857648,0.9857648,0.0
0,1,0.9511469,0.9511469,0.0
0,1,0.9994547,0.9994547,0.0
0,1,0.99595547,0.99595547,0.0
0,1,0.9999895,0.9999895,0.0
0,1,0.99994636,0.99994636,0.0
0,1,0.9956013,0.9956013,0.0
0,1,0.99997056,0.99997056,0.0
0,1,0.9997845,0.9997845,0.0
0,1,0.9958099,0.9958099,0.0
0,1,0.99708205,0.99708205,0.0
0,1,0.68890107,0.6889012,1.1920929e-07
0,1,0.9998696,0.9998696,0.0
0,1,0.9980743,0.9980743,0.0
0,1,0.9998815,0.9998815,0.0
0,1,0.99677116,0.99677116,0.0
0,1,0.9998024,0.9998024,0.0
0,1,0.9999485,0.9999485,0.0
0,1,0.9996718,0.9996718,0.0
0,1,0.8311634,0.8311636,1.7881393e-07
0,1,0.99938035,0.99938035,0.0
0,1,0.993968,0.993968,0.0
0,1,0.99964726,0.99964726,0.0
0,1,0.99810094,0.99810094,0.0
0,1,0.99987614,0.99987614,0.0
0,1,0.9991234,0.9991234,0.0
0,1,0.99901617,0.99901617,0.0
0,1,0.99544626,0.99544626,0.0
0,1,0.99474937,0.99474937,0.0
0,1,0.9998758,0.9998758,0.0
0,1,0.9998621,0.9998621,0.0
0,1,0.9999777,0.9999777,0.0
0,1,0.9994293,0.9994293,0.0
0,1,0.99978906,0.99978906,0.0
0,1,0.9980159,0.9980159,0.0
0,1,0.99988735,0.99988735,0.0
0,1,0.99994624,0.99994624,0.0
0,1,0.9999372,0.9999372,0.0
0,1,0.99143034,0.99143034,0.0
0,1,0.99971586,0.99971586,0.0
0,1,0.99971944,0.99971944,0.0
0,1,0.9996037,0.9996037,0.0
1,1,0.99999416,0.99999416,0.0
0,1,0.99974364,0.99974364,0.0
0,1,0.99994624,0.99994624,0.0
0,1,0.9994547,0.9994547,0.0
0,1,0.9984553,0.9984553,0.0
0,1,0.99398226,0.99398226,0.0
0,1,0.99772567,0.99772567,0.0
1,1,0.99999106,0.99999106,0.0
0,1,0.9997769,0.9997769,0.0
1,1,0.998338,0.998338,0.0
0,1,0.91119707,0.91119707,0.0
0,1,0.9997234,0.9997234,0.0
0,1,0.99999344,0.99999344,0.0
0,1,0.99995375,0.99995375,0.0
1,1,0.9997749,0.9997749,0.0
0,1,0.9992902,0.9992902,0.0
1,1,0.99600047,0.99600047,0.0
0,1,0.99459165,0.99459165,0.0
0,1,0.99989665,0.99989665,0.0
1,1,0.99996555,0.99996555,0.0
0,1,0.9997607,0.9997607,0.0
0,1,0.9928463,0.9928463,0.0
0,1,0.99961406,0.99961406,0.0
0,1,0.9955388,0.9955388,0.0
0,1,0.7244651,0.72446513,5.9604645e-08
0,1,0.9995685,0.9995685,0.0
0,1,0.99631065,0.99631065,0.0
0,1,0.99998295,0.99998295,0.0
0,1,0.9999682,0.9999682,0.0
0,1,0.9973429,0.9973429,0.0
0,1,0.9951369,0.9951369,0.0
1,1,0.99577135,0.99577135,0.0
0,1,0.99999654,0.99999654,0.0
0,1,0.9999951,0.9999951,0.0
0,1,0.88255596,0.8825559,5.9604645e-08
0,1,0.99981135,0.99981135,0.0
0,1,0.9939346,0.9939346,0.0
0,1,0.9998759,0.9998759,0.0
0,1,0.99995124,0.99995124,0.0
0,1,0.999964,0.999964,0.0
0,1,0.9999752,0.9999752,0.0
0,1,0.9011264,0.9011264,0.0
0,1,0.9602918,0.9602918,0.0
0,1,0.9998745,0.9998745,0.0
0,1,0.99998903,0.99998903,0.0
0,1,0.9995778,0.9995778,0.0
1,1,0.99999154,0.99999154,0.0
0,1,0.9998093,0.9998093,0.0
1,1,0.9999863,0.9999863,0.0
0,1,0.9995253,0.9995253,0.0
0,1,0.9921853,0.9921853,0.0
0,1,0.99979407,0.99979407,0.0
0,1,0.999877,0.999877,0.0
0,1,0.99901617,0.99901617,0.0
0,1,0.986591,0.986591,0.0
0,1,0.9950565,0.9950565,0.0
1,1,0.9999602,0.9999602,0.0
0,1,0.9969156,0.9969156,0.0
0,1,0.9999149,0.9999149,0.0
0,1,0.9902997,0.9902997,0.0
1,1,0.99985003,0.99985003,0.0
0,1,0.9997234,0.9997234,0.0
0,1,0.999335,0.999335,0.0
0,1,0.9987948,0.9987948,0.0
0,1,0.99995816,0.99995816,0.0
0,1,0.999997,0.999997,0.0
0,1,0.99994624,0.99994624,0.0
0,1,0.9999013,0.9999013,0.0
0,1,0.9795681,0.9795681,0.0
0,1,0.9998056,0.9998056,0.0
0,1,0.99254453,0.99254453,0.0
1,1,0.9999025,0.9999025,0.0
0,1,0.999206,0.999206,0.0
1,1,0.9999776,0.9999776,0.0
0,1,0.9999597,0.9999597,0.0
0,1,0.99955064,0.99955064,0.0
0,1,0.9993808,0.9993808,0.0
0,1,0.9986707,0.9986707,0.0
0,1,0.9998591,0.9998591,0.0
0,1,0.9999665,0.9999665,0.0
1,1,0.9999521,0.9999521,0.0
1,1,0.98952276,0.98952276,0.0
0,1,0.99996686,0.99996686,0.0
1,1,0.99994457,0.99994457,0.0
0,1,0.9989936,0.9989936,0.0
0,1,0.9994886,0.9994886,0.0
0,1,0.9985807,0.9985807,0.0
0,1,0.9996283,0.9996283,0.0
0,1,0.999908,0.999908,0.0
0,1,0.99993813,0.99993813,0.0
0,1,0.999969,0.999969,0.0
0,1,0.9953909,0.9953909,0.0
0,1,0.99717087,0.99717087,0.0
0,1,0.99973327,0.99973327,0.0
0,1,0.999941,0.999941,0.0
0,1,0.9999758,0.9999758,0.0
0,1,0.99903214,0.99903214,0.0
0,1,0.9999578,0.9999578,0.0
0,1,0.9946741,0.9946741,0.0
0,1,0.99942625,0.99942625,0.0
0,1,0.99984646,0.99984646,0.0
0,1,0.9977564,0.9977564,0.0
0,1,0.99996865,0.99996865,0.0
0,1,0.8648827,0.8648825,1.7881393e-07
0,1,0.999944,0.999944,0.0
0,1,0.99234784,0.99234784,0.0
0,1,0.99625254,0.99625254,0.0
0,1,0.99989057,0.99989057,0.0
0,1,0.99995804,0.99995804,0.0
0,1,0.9999752,0.9999752,0.0
0,1,0.9990145,0.9990145,0.0
0,1,0.9696553,0.9696553,0.0
0,1,0.9976502,0.9976502,0.0
1,1,0.9998067,0.9998067,0.0
1,1,0.96002287,0.96002287,0.0
0,1,0.98242056,0.98242056,0.0
0,1,0.9999615,0.9999615,0.0
0,1,0.99634415,0.99634415,0.0
0,1,0.99621105,0.99621105,0.0
0,1,0.9998523,0.9998523,0.0
0,1,0.99999404,0.99999404,0.0
0,1,0.99994624,0.99994624,0.0
0,1,0.99996006,0.99996006,0.0
0,1,0.9990453,0.9990453,0.0
0,1,0.9989222,0.9989222,0.0
0,1,0.9997124,0.9997124,0.0
0,1,0.9999747,0.9999747,0.0
0,1,0.9998078,0.9998078,0.0
0,1,0.97397894,0.9739788,1.1920929e-07
0,1,0.9999671,0.9999671,0.0
0,1,0.99494123,0.99494123,0.0
0,1,0.9976814,0.9976814,0.0
0,1,0.9994547,0.9994547,0.0
1,1,0.98520064,0.98520064,0.0
0,1,0.99901617,0.99901617,0.0
0,1,0.9999664,0.9999664,0.0
0,1,0.9998634,0.9998634,0.0
0,1,0.999752,0.999752,0.0
0,1,0.9999919,0.9999919,0.0
1,1,0.99997747,0.99997747,0.0
0,1,0.99998367,0.99998367,0.0
0,1,0.9996427,0.9996427,0.0
0,1,0.999964,0.999964,0.0
0,1,0.9997782,0.9997782,0.0
0,1,0.9998833,0.9998833,0.0
0,1,0.9998311,0.9998311,0.0
0,1,0.9263001,0.9263001,0.0
0,1,0.99995625,0.99995625,0.0
0,1,0.99981695,0.99981695,0.0
0,1,0.99999905,0.99999905,0.0
0,1,0.999519,0.999519,0.0
0,1,0.99525636,0.99525636,0.0
0,1,0.9917957,0.9917957,0.0
0,1,0.99993205,0.99993205,0.0
1,1,0.9737028,0.9737028,0.0
0,1,0.9989743,0.9989743,0.0
0,1,0.9945387,0.9945387,0.0
1,1,0.99996626,0.99996626,0.0
0,1,0.9939505,0.99395037,1.1920929e-07
0,1,0.9998696,0.9998696,0.0
0,1,0.9876622,0.9876622,0.0
0,1,0.9978668,0.9978668,0.0
0,1,0.79250675,0.7925065,2.3841858e-07
1,1,0.99997866,0.99997866,0.0
0,1,0.99261826,0.99261826,0.0
0,1,0.99735105,0.99735105,0.0
0,1,0.9665462,0.9665462,0.0
0,1,0.99998343,0.99998343,0.0
0,1,0.99877256,0.99877256,0.0
0,1,0.99912864,0.99912864,0.0
0,1,0.99742967,0.99742967,0.0
0,1,0.9997068,0.9997068,0.0
0,1,0.99952614,0.99952614,0.0
0,1,0.9963237,0.9963237,0.0
1,1,0.9993679,0.9993679,0.0
0,1,0.99959105,0.99959105,0.0
0,1,0.999997,0.999997,0.0
0,1,0.9999291,0.9999291,0.0
0,1,0.9977977,0.9977977,0.0
0,1,0.9999119,0.9999119,0.0
0,1,0.99966276,0.99966276,0.0
0,1,0.9999145,0.9999145,0.0
0,1,0.9992737,0.9992737,0.0
1,1,0.9978206,0.9978206,0.0
0,1,0.99985194,0.99985194,0.0
0,1,0.99997854,0.99997854,0.0
0,1,0.8891031,0.88910306,5.9604645e-08
0,1,0.99629396,0.99629396,0.0
0,1,0.9999932,0.9999932,0.0
0,1,0.9999472,0.9999472,0.0
0,1,0.99793315,0.99793315,0.0
0,1,0.9999449,0.9999449,0.0
0,1,0.9781342,0.97813433,1.1920929e-07
1,1,0.99996805,0.99996805,0.0
0,1,0.9099727,0.9099727,0.0
0,1,0.9985258,0.9985258,0.0
0,1,0.9993061,0.9993061,0.0
0,1,0.99997115,0.99997115,0.0
0,1,0.9999424,0.9999424,0.0
0,1,0.99981767,0.99981767,0.0
0,1,0.99814177,0.99814177,0.0
0,1,0.9993413,0.9993413,0.0
0,1,0.99940217,0.99940217,0.0
0,1,0.99821067,0.99821055,1.1920929e-07
0,1,0.9995253,0.9995253,0.0
0,1,0.99993765,0.99993765,0.0
0,1,0.9999547,0.9999547,0.0
0,1,0.99184835,0.99184835,0.0
0,1,0.9605883,0.9605883,0.0
0,1,0.998806,0.998806,0.0
0,1,0.9982863,0.9982863,0.0
0,1,0.98866266,0.98866266,0.0
0,1,0.9979796,0.9979796,0.0
0,1,0.9999703,0.9999703,0.0
1,1,0.9999256,0.9999256,0.0
1,1,0.99940574,0.99940574,0.0
0,1,0.9876408,0.9876408,0.0
0,1,0.9996401,0.9996401,0.0
1,1,0.99979657,0.99979657,0.0
0,1,0.9954476,0.9954476,0.0
1,1,0.99339443,0.99339443,0.0
0,1,0.9988954,0.9988954,0.0
0,1,0.9999542,0.9999542,0.0
0,1,0.999969,0.999969,0.0
0,1,0.99931,0.99931,0.0
0,1,0.9989857,0.9989857,0.0
0,1,0.9866432,0.9866433,1.1920929e-07
0,1,0.9990163,0.9990163,0.0
0,1,0.98198307,0.98198307,0.0
1,1,0.99998605,0.99998605,0.0
1,1,0.9970891,0.9970891,0.0
0,1,0.99970275,0.99970275,0.0
0,1,0.9999778,0.9999778,0.0
0,1,0.9912594,0.9912593,1.1920929e-07
0,1,0.99518013,0.99518013,0.0
0,1,0.99761933,0.99761933,0.0
0,1,0.96159285,0.96159285,0.0
0,1,0.999181,0.999181,0.0
0,1,0.9999628,0.9999628,0.0
0,1,0.76121914,0.76121914,0.0
0,1,0.9997564,0.9997564,0.0
0,1,0.98963517,0.98963517,0.0
0,1,0.9999949,0.9999949,0.0
0,1,0.92558557,0.92558557,0.0
0,1,0.9844461,0.9844461,0.0
0,1,0.9969215,0.9969215,0.0
0,1,0.9984289,0.9984289,0.0
0,1,0.9997706,0.9997706,0.0
0,1,0.9999795,0.9999795,0.0
0,1,0.9954548,0.9954548,0.0
0,1,0.984694,0.984694,0.0
0,1,0.9999746,0.9999746,0.0
0,1,0.9948394,0.9948394,0.0
1,1,0.9987997,0.9987997,0.0
0,1,0.9993893,0.9993893,0.0
0,1,0.9997483,0.9997483,0.0
0,1,0.9998392,0.9998392,0.0
0,1,0.99993527,0.99993527,0.0
0,1,0.9991862,0.9991862,0.0
0,1,0.9999796,0.9999796,0.0
0,1,0.9921693,0.9921693,0.0
0,1,0.99696857,0.99696857,0.0
0,1,0.99836534,0.99836534,0.0
0,1,0.9999424,0.9999424,0.0
0,1,0.9986104,0.9986104,0.0
0,1,0.9999924,0.9999924,0.0
0,1,0.9996172,0.9996172,0.0
0,1,0.99087733,0.99087733,0.0
0,1,0.9999256,0.9999256,0.0
0,1,0.99983513,0.99983513,0.0
0,1,0.9999465,0.9999465,0.0
0,1,0.8584197,0.8584197,0.0
0,1,0.99312675,0.99312675,0.0
0,1,0.99500775,0.99500775,0.0
0,1,0.9999417,0.9999417,0.0
0,1,0.9891243,0.9891243,0.0
0,1,0.9989085,0.9989085,0.0
0,1,0.9999647,0.9999647,0.0
0,1,0.9759699,0.9759699,0.0
0,1,0.99970764,0.99970764,0.0
0,1,0.991459,0.991459,0.0
1,1,0.9412448,0.94124466,1.1920929e-07
1,1,0.9881341,0.9881342,1.1920929e-07
0,1,0.9997793,0.9997793,0.0
0,1,0.9989471,0.9989471,0.0
0,1,0.9998204,0.9998204,0.0
0,1,0.9997483,0.9997483,0.0
0,1,0.9959092,0.9959092,0.0
0,1,0.97487336,0.97487336,0.0
0,1,0.99793315,0.99793315,0.0
0,1,0.99949646,0.99949646,0.0
0,1,0.9999236,0.9999236,0.0
1,1,0.9947082,0.9947082,0.0
0,1,0.9994685,0.9994685,0.0
0,1,0.95529777,0.95529777,0.0
0,1,0.99793893,0.99793893,0.0
0,1,0.9999306,0.9999306,0.0
0,1,0.99994624,0.99994624,0.0
0,1,0.9999149,0.9999149,0.0
0,1,0.99901617,0.99901617,0.0
0,1,0.9996427,0.9996427,0.0
0,1,0.9999485,0.9999485,0.0
0,1,0.99915695,0.99915695,0.0
0,1,0.9999548,0.9999548,0.0
0,1,0.9801705,0.9801705,0.0
0,1,0.9999975,0.9999975,0.0
0,1,0.99994624,0.99994624,0.0
0,1,0.8610202,0.8610201,1.1920929e-07
0,1,0.9999387,0.9999387,0.0
0,1,0.99897027,0.99897027,0.0
0,1,0.99992406,0.99992406,0.0
0,1,0.99980074,0.99980074,0.0
0,1,0.9849675,0.9849675,0.0
0,1,0.9999914,0.9999914,0.0
0,1,0.9884122,0.9884122,0.0
0,1,0.9999354,0.9999354,0.0
0,1,0.9988086,0.9988086,0.0
0,1,0.9993649,0.9993649,0.0
0,1,0.9994036,0.9994036,0.0
0,1,0.9979044,0.9979044,0.0
1,1,0.9999341,0.9999341,0.0
0,1,0.9996842,0.9996842,0.0
0,1,0.9977137,0.9977137,0.0
0,1,0.9999312,0.9999312,0.0
1,1,0.99831533,0.99831533,0.0
0,1,0.9995024,0.9995024,0.0
0,1,0.99992895,0.99992895,0.0
0,1,0.99992263,0.99992263,0.0
0,1,0.99936444,0.99936444,0.0
0,1,0.9997234,0.9997234,0.0
0,1,0.996298,0.996298,0.0
0,1,0.9958204,0.9958204,0.0
0,1,0.9990012,0.9990012,0.0
0,1,0.8166779,0.81667805,1.1920929e-07
0,1,0.9999689,0.9999689,0.0
1,1,0.99995124,0.99995124,0.0
0,1,0.9994547,0.9994547,0.0
0,1,0.99629325,0.99629325,0.0
1,1,0.9983407,0.9983407,0.0
0,1,0.9965462,0.9965462,0.0
0,1,0.99998486,0.99998486,0.0
0,1,0.99947184,0.99947184,0.0
0,1,0.99990547,0.99990547,0.0
0,1,0.998632,0.998632,0.0
0,1,0.98773813,0.98773813,0.0
1,1,0.9854881,0.9854881,0.0
0,1,0.9835719,0.98357177,1.1920929e-07
0,1,0.9995646,0.9995646,0.0
0,1,0.9990927,0.9990927,0.0
0,1,0.9700613,0.9700613,0.0
0,1,0.99938726,0.99938726,0.0
0,1,0.9997837,0.9997837,0.0
0,1,0.99703264,0.99703264,0.0
0,1,0.9997234,0.9997234,0.0
0,1,0.9733373,0.9733373,0.0
0,1,0.99946254,0.99946254,0.0
0,1,0.9997986,0.9997986,0.0
0,1,0.9998499,0.9998499,0.0
0,1,0.9999598,0.9999598,0.0
0,1,0.99978274,0.99978274,0.0
0,1,0.9995459,0.9995459,0.0
0,1,0.99989796,0.99989796,0.0
1,1,0.99997175,0.99997175,0.0
0,1,0.9998497,0.9998497,0.0
0,1,0.9997483,0.9997483,0.0
0,0,0.44180948,0.44180936,1.1920929e-07
0,1,0.99871373,0.99871373,0.0
0,1,0.99996686,0.99996686,0.0
0,1,0.9897971,0.9897971,0.0
0,1,0.9999118,0.9999118,0.0
0,1,0.99921715,0.99921715,0.0
0,1,0.9993649,0.9993649,0.0
0,1,0.9993291,0.9993291,0.0
0,1,0.99918824,0.99918824,0.0
0,1,0.99901617,0.99901617,0.0
0,1,0.9998153,0.9998153,0.0
0,1,0.9999751,0.9999751,0.0
0,1,0.99997973,0.99997973,0.0
0,1,0.995538,0.995538,0.0
0,1,0.9994547,0.9994547,0.0
1,1,0.99916756,0.99916756,0.0
0,1,0.9921474,0.9921474,0.0
0,1,0.995129,0.995129,0.0
0,1,0.9995321,0.9995321,0.0
0,1,0.98976,0.98976,0.0
0,1,0.9349969,0.9349969,0.0
0,1,0.9999945,0.9999945,0.0
0,1,0.99989533,0.99989533,0.0
1,1,0.9999801,0.9999801,0.0
0,1,0.99205035,0.99205035,0.0
1,1,0.9999771,0.9999771,0.0
0,1,0.9989705,0.9989705,0.0
1,1,0.9999038,0.9999038,0.0
1,1,0.9999976,0.9999976,0.0
0,1,0.9999751,0.9999751,0.0
0,1,0.99993026,0.99993026,0.0
1,1,0.99993896,0.99993896,0.0
1,1,0.9996629,0.9996629,0.0
1,1,0.9999938,0.9999938,0.0
0,1,0.99990845,0.99990845,0.0
0,1,0.997417,0.997417,0.0
0,1,0.9999856,0.9999856,0.0
0,1,0.9999869,0.9999869,0.0
0,1,0.9968143,0.9968143,0.0
0,1,0.9999716,0.9999716,0.0
0,1,0.998207,0.998207,0.0
0,1,0.9995024,0.9995024,0.0
0,1,0.99987876,0.99987876,0.0
0,1,0.9999702,0.9999702,0.0
0,1,0.99816656,0.99816656,0.0
1,1,0.99997175,0.99997175,0.0
0,1,0.99886644,0.99886644,0.0
0,1,0.9978218,0.9978218,0.0
0,1,0.97780436,0.97780436,0.0
0,1,0.99999547,0.99999547,0.0
0,1,0.97268414,0.97268414,0.0
0,1,0.9994547,0.9994547,0.0
0,1,0.99977,0.99977,0.0
0,1,0.9794755,0.9794755,0.0
0,1,0.999759,0.999759,0.0
0,1,0.9961184,0.9961184,0.0
0,1,0.9996718,0.9996718,0.0
0,1,0.999752,0.999752,0.0
1,1,0.9999509,0.9999509,0.0
0,1,0.99896634,0.99896634,0.0
0,1,0.9999907,0.9999907,0.0
0,1,0.9998241,0.9998241,0.0
0,1,0.9995024,0.9995024,0.0
0,1,0.99982387,0.99982387,0.0
0,1,0.9997881,0.9997881,0.0
0,1,0.9994547,0.9994547,0.0
0,1,0.9999232,0.9999232,0.0
0,1,0.9998822,0.9998822,0.0
0,0,0.45844778,0.4584477,8.940697e-08
0,1,0.9991641,0.9991641,0.0
0,1,0.9990336,0.9990336,0.0
0,1,0.99999166,0.99999166,0.0
0,1,0.999845,0.999845,0.0
0,1,0.999548,0.999548,0.0
0,1,0.99994624,0.99994624,0.0
0,1,0.9998976,0.9998976,0.0
0,1,0.9978655,0.9978655,0.0
0,1,0.99955887,0.99955887,0.0
0,1,0.99999726,0.99999726,0.0
0,1,0.9994547,0.9994547,0.0
0,1,0.99302787,0.99302787,0.0
0,1,0.9091079,0.9091079,0.0
0,1,0.9982179,0.9982179,0.0
0,1,0.99859864,0.99859864,0.0
0,1,0.99674726,0.99674726,0.0
0,1,0.99155664,0.99155664,0.0
0,1,0.99999,0.99999,0.0
0,1,0.9910609,0.9910609,0.0
0,1,0.9920678,0.9920678,0.0
0,1,0.99835324,0.99835324,0.0
1,1,0.9984509,0.9984509,0.0
0,1,0.9999014,0.9999014,0.0
0,1,0.9999187,0.9999187,0.0
0,1,0.9997296,0.9997296,0.0
0,1,0.9994547,0.9994547,0.0
0,1,0.9593876,0.9593876,0.0
0,1,0.99190825,0.99190825,0.0
0,1,0.9997073,0.9997073,0.0
0,1,0.9984037,0.9984037,0.0
0,1,0.99999106,0.99999106,0.0
0,1,0.99654764,0.9965475,1.1920929e-07
0,1,0.99999285,0.99999285,0.0
0,1,0.999995,0.999995,0.0
0,1,0.99959284,0.99959284,0.0
1,1,0.99980694,0.99980694,0.0
0,1,0.9436833,0.9436833,0.0
1,1,0.99991167,0.99991167,0.0
0,1,0.9999392,0.9999392,0.0
0,1,0.9998004,0.9998004,0.0
0,1,0.9785911,0.9785911,0.0
0,1,0.99901617,0.99901617,0.0
0,1,0.9998776,0.9998776,0.0
1,1,0.99999785,0.99999785,0.0
0,1,0.9957201,0.9957201,0.0
0,1,0.94978654,0.94978654,0.0
0,1,0.9960194,0.9960194,0.0
0,1,0.9916409,0.9916409,0.0
0,1,0.9900793,0.9900793,0.0
0,1,0.99673456,0.99673456,0.0
0,1,0.99921477,0.99921477,0.0
0,1,0.9994547,0.9994547,0.0
0,1,0.9952591,0.9952591,0.0
1,1,0.9979882,0.9979882,0.0
0,1,0.99945015,0.99945015,0.0
0,1,0.9951266,0.9951266,0.0
0,1,0.9959602,0.9959602,0.0
0,1,0.9886791,0.9886791,0.0
0,1,0.96372175,0.96372175,0.0
0,1,0.9999964,0.9999964,0.0
0,1,0.9997234,0.9997234,0.0
0,1,0.999206,0.999206,0.0
0,1,0.92467374,0.92467374,0.0
0,1,0.9993862,0.9993862,0.0
0,1,0.9998884,0.9998884,0.0
0,1,0.9837155,0.9837155,0.0
0,1,0.9991535,0.9991535,0.0
0,1,0.9994547,0.9994547,0.0
0,0,0.4228794,0.42287937,2.9802322e-08
0,1,0.9855364,0.9855364,0.0
0,1,0.9983891,0.9983891,0.0
1,1,0.99999106,0.99999106,0.0
0,1,0.9974197,0.9974197,0.0
0,1,0.99993706,0.99993706,0.0
0,1,0.9994547,0.9994547,0.0
0,1,0.9999573,0.9999573,0.0
0,1,0.99911314,0.99911314,0.0
0,1,0.9999633,0.9999633,0.0
0,1,0.9988765,0.9988765,0.0
0,1,0.99974006,0.99974006,0.0
0,1,0.9996074,0.9996074,0.0
0,1,0.9997533,0.9997533,0.0
0,1,0.99901617,0.99901617,0.0
0,1,0.9999753,0.9999753,0.0
0,1,0.99998987,0.99998987,0.0
0,1,0.9947082,0.9947082,0.0
0,1,0.99797136,0.99797136,0.0
1,1,0.99997175,0.99997175,0.0
0,1,0.9997305,0.9997305,0.0
0,1,0.9999932,0.9999932,0.0
0,1,0.9947631,0.9947631,0.0
0,1,0.9976459,0.9976459,0.0
0,1,0.99867743,0.99867743,0.0
1,1,0.99998474,0.99998474,0.0
0,1,0.9911981,0.9911981,0.0
0,1,0.95368886,0.95368886,0.0
0,1,0.9653076,0.9653076,0.0
0,1,0.9994728,0.9994729,1.1920929e-07
0,1,0.9996718,0.9996718,0.0
0,1,0.9999509,0.9999509,0.0
0,1,0.85336083,0.85336095,1.1920929e-07
0,1,0.96517366,0.96517366,0.0
0,1,0.99035114,0.99035114,0.0
0,1,0.9979577,0.9979577,0.0
0,1,0.9989334,0.9989334,0.0
0,1,0.9992943,0.9992943,0.0
0,1,0.99906176,0.99906176,0.0
0,1,0.9995177,0.9995177,0.0
0,1,0.99679595,0.99679595,0.0
0,1,0.97567207,0.97567207,0.0
0,1,0.997598,0.997598,0.0
1,1,0.9999937,0.9999937,0.0
0,1,0.9998274,0.9998274,0.0
0,1,0.99972576,0.99972576,0.0
0,1,0.99930716,0.99930716,0.0
0,1,0.9989262,0.9989262,0.0
0,1,0.9999553,0.9999553,0.0
0,1,0.9971795,0.9971795,0.0
0,1,0.99648935,0.99648935,0.0
0,1,0.9999857,0.9999857,0.0
0,1,0.97071326,0.97071326,0.0
0,1,0.99983823,0.99983823,0.0
0,1,0.9994653,0.9994653,0.0
0,1,0.9994547,0.9994547,0.0
0,1,0.9899865,0.9899865,0.0
0,1,0.99946815,0.99946815,0.0
0,1,0.9960747,0.9960747,0.0
1,1,0.99827886,0.99827886,0.0
0,1,0.9953206,0.9953206,0.0
0,1,0.999997,0.999997,0.0
0,1,0.95762956,0.95762956,0.0
0,1,0.99951136,0.99951136,0.0
0,1,0.9448234,0.9448234,0.0
0,1,0.9999728,0.9999728,0.0
0,1,0.9998727,0.9998727,0.0
0,1,0.992589,0.992589,0.0
0,1,0.9999368,0.9999368,0.0
0,1,0.9950832,0.9950832,0.0
0,1,0.99765235,0.99765235,0.0
0,1,0.999206,0.999206,0.0
0,1,0.99996734,0.99996734,0.0
0,1,0.9998884,0.9998884,0.0
0,0,0.381047,0.381047,0.0
0,1,0.99966276,0.99966276,0.0
0,1,0.9999783,0.9999783,0.0
0,1,0.99814653,0.99814653,0.0
0,1,0.99997365,0.99997365,0.0
0,1,0.9999927,0.9999927,0.0
0,1,0.9999168,0.9999168,0.0
0,1,0.99592483,0.99592483,0.0
0,1,0.97970426,0.97970426,0.0
0,1,0.99998474,0.99998474,0.0
0,1,0.99774617,0.99774617,0.0
0,1,0.9999778,0.9999778,0.0
0,1,0.99991786,0.99991786,0.0
0,1,0.99984646,0.99984646,0.0
0,1,0.9922805,0.9922805,0.0
0,1,0.9981018,0.9981018,0.0
0,1,0.99842924,0.99842924,0.0
0,1,0.968691,0.968691,0.0
0,1,0.9990866,0.9990866,0.0
0,1,0.99992216,0.99992216,0.0
0,1,0.9848274,0.9848274,0.0
0,1,0.9997588,0.9997588,0.0
0,1,0.9973062,0.9973062,0.0
0,1,0.99995637,0.99995637,0.0
0,1,0.9998871,0.9998871,0.0
0,1,0.9905689,0.9905689,0.0
0,1,0.99993944,0.99993944,0.0
0,1,0.99795,0.99795,0.0
0,1,0.99994624,0.99994624,0.0
0,1,0.9989679,0.9989679,0.0
1,1,0.99998844,0.99998844,0.0
0,1,0.99145526,0.99145526,0.0
0,1,0.99968374,0.99968374,0.0
0,1,0.9999597,0.9999597,0.0
0,1,0.99995244,0.99995244,0.0
0,1,0.9999752,0.9999752,0.0
0,1,0.99981254,0.99981254,0.0
0,1,0.99590427,0.99590427,0.0
0,1,0.76261306,0.7626129,1.7881393e-07
0,1,0.9764233,0.9764233,0.0
0,1,0.99994624,0.99994624,0.0
0,1,0.99701416,0.99701416,0.0
0,1,0.99098337,0.99098325,1.1920929e-07
0,1,0.9999671,0.9999671,0.0
0,1,0.99999857,0.99999857,0.0
0,1,0.99529296,0.99529296,0.0
0,1,0.99968636,0.99968636,0.0
0,1,0.99562246,0.99562246,0.0
0,1,0.99999666,0.99999666,0.0
0,1,0.99383944,0.99383944,0.0
0,1,0.996971,0.996971,0.0
0,1,0.9999881,0.9999881,0.0
0,1,0.9997378,0.9997378,0.0
0,1,0.9996482,0.9996482,0.0
0,1,0.99843305,0.99843305,0.0
0,1,0.9959849,0.9959849,0.0
0,1,0.99994624,0.99994624,0.0
0,1,0.9978339,0.9978339,0.0
1,1,0.99999785,0.99999785,0.0
0,1,0.9738898,0.9738898,0.0
0,1,0.9999814,0.9999814,0.0
0,1,0.990585,0.990585,0.0
0,1,0.9997116,0.9997116,0.0
0,1,0.9998117,0.9998117,0.0
1,1,0.99909115,0.99909115,0.0
0,1,0.99986553,0.99986553,0.0
0,1,0.999899,0.999899,0.0
0,1,0.9992035,0.9992035,0.0
0,1,0.99901617,0.99901617,0.0
0,1,0.9839624,0.9839624,0.0
0,1,0.9562092,0.9562092,0.0
0,1,0.9990964,0.9990964,0.0
0,1,0.99994624,0.99994624,0.0
0,1,0.9995289,0.9995289,0.0
0,1,0.99995315,0.99995315,0.0
0,1,0.9994547,0.9994547,0.0
0,1,0.98941994,0.98941994,0.0
0,1,0.9999684,0.9999684,0.0
0,1,0.9729478,0.9729479,1.1920929e-07
0,1,0.5030546,0.5030544,2.3841858e-07
0,1,0.9965926,0.9965926,0.0
0,1,0.9991528,0.99915266,1.1920929e-07
0,1,0.9902908,0.9902908,0.0
0,1,0.99977237,0.99977237,0.0
0,1,0.9998983,0.9998983,0.0
1,1,0.9995441,0.9995441,0.0
0,1,0.9999943,0.9999943,0.0
0,1,0.9999924,0.9999924,0.0
0,1,0.9999958,0.9999958,0.0
0,1,0.9995635,0.9995635,0.0
0,1,0.9973781,0.9973781,0.0
0,1,0.9985707,0.9985707,0.0
0,1,0.99901617,0.99901617,0.0
0,1,0.999995,0.999995,0.0
0,1,0.9987196,0.9987196,0.0
0,1,0.99461776,0.99461776,0.0
0,1,0.97374004,0.97374004,0.0
0,1,0.9999796,0.9999796,0.0
0,1,0.99349135,0.99349135,0.0
0,1,0.99984574,0.99984574,0.0
0,1,0.9999989,0.9999989,0.0
0,1,0.9999448,0.9999448,0.0
0,1,0.99963725,0.99963725,0.0
0,1,0.9999043,0.9999043,0.0
0,1,0.9952655,0.9952655,0.0
0,1,0.99951553,0.99951553,0.0
0,1,0.9991239,0.9991239,0.0
1,1,0.99975437,0.99975437,0.0
0,1,0.9997789,0.9997789,0.0
0,1,0.9987937,0.9987937,0.0
0,1,0.99940515,0.99940515,0.0
0,1,0.9994547,0.9994547,0.0
0,1,0.9999602,0.9999602,0.0
0,1,0.99995327,0.99995327,0.0
0,1,0.999206,0.999206,0.0
0,1,0.9994547,0.9994547,0.0
0,1,0.9999877,0.9999877,0.0
0,1,0.99956924,0.99956924,0.0
0,1,0.99835724,0.99835724,0.0
0,1,0.99998844,0.99998844,0.0
0,1,0.99990857,0.99990857,0.0
0,1,0.99422497,0.99422497,0.0
0,1,0.9947627,0.9947627,0.0
0,1,0.9978473,0.9978473,0.0
0,1,0.99999785,0.99999785,0.0
1,1,0.9999993,0.9999993,0.0
0,1,0.96068454,0.96068454,0.0
0,1,0.99993503,0.99993503,0.0
0,1,0.979763,0.979763,0.0
0,1,0.99934226,0.99934226,0.0
0,1,0.9999566,0.9999566,0.0
0,1,0.8908895,0.8908895,0.0
0,1,0.9999664,0.9999664,0.0
1,1,0.9999857,0.9999857,0.0
0,1,0.99997497,0.99997497,0.0
0,1,0.99901617,0.99901617,0.0
1,1,0.99988866,0.99988866,0.0
0,1,0.9990575,0.9990575,0.0
0,1,0.99901617,0.99901617,0.0
0,1,0.99977034,0.99977034,0.0
0,1,0.99965,0.99965,0.0
0,1,0.9748454,0.9748455,1.1920929e-07
0,1,0.99997056,0.99997056,0.0
0,1,0.9954775,0.9954775,0.0
0,1,0.99994624,0.99994624,0.0
0,1,0.9973859,0.9973859,0.0
0,1,0.99997926,0.99997926,0.0
0,1,0.99921715,0.99921715,0.0
0,1,0.99942434,0.99942434,0.0
0,1,0.9994547,0.9994547,0.0
1,1,0.99986184,0.99986184,0.0
0,1,0.95389795,0.953898,5.9604645e-08
0,1,0.99997723,0.99997723,0.0
1,1,0.99902153,0.99902153,0.0
0,1,0.99901617,0.99901617,0.0
0,1,0.9921619,0.9921619,0.0
0,1,0.9996427,0.9996427,0.0
0,1,0.95841086,0.95841086,0.0
0,1,0.9985629,0.9985629,0.0
0,1,0.99956566,0.99956566,0.0
0,1,0.99995303,0.99995303,0.0
0,1,0.9999566,0.9999566,0.0
0,1,0.99986017,0.99986017,0.0
0,1,0.99994624,0.99994624,0.0
0,1,0.9994184,0.9994184,0.0
0,1,0.9990144,0.9990144,0.0
0,1,0.9738139,0.973814,1.1920929e-07
0,1,0.9968256,0.9968256,0.0
0,0,0.2817866,0.28178644,1.4901161e-07
0,1,0.999997,0.999997,0.0
0,1,0.98304474,0.98304474,0.0
0,1,0.999997,0.999997,0.0
0,1,0.9996427,0.9996427,0.0
0,1,0.9959971,0.9959971,0.0
0,1,0.99793315,0.99793315,0.0
0,1,0.99972504,0.99972504,0.0
0,1,0.9985745,0.9985745,0.0
0,1,0.9942988,0.9942987,1.1920929e-07
1,1,0.99887687,0.99887687,0.0
0,1,0.99970716,0.99970716,0.0
0,1,0.995805,0.995805,0.0
0,1,0.9999286,0.9999286,0.0
0,1,0.9999902,0.9999902,0.0
0,1,0.9999827,0.9999827,0.0
0,1,0.999944,0.999944,0.0
0,1,0.99997437,0.99997437,0.0
0,1,0.69800425,0.69800436,1.1920929e-07
0,1,0.99867743,0.99867743,0.0
0,1,0.9911233,0.9911233,0.0
0,1,0.9999416,0.9999416,0.0
0,1,0.99992335,0.99992335,0.0
0,1,0.94440603,0.94440603,0.0
0,1,0.9998572,0.9998572,0.0
0,1,0.99925476,0.99925476,0.0
0,1,0.9935045,0.9935045,0.0
0,1,0.99561125,0.99561125,0.0
0,1,0.98447716,0.98447716,0.0
0,1,0.99515533,0.99515533,0.0
0,1,0.97646445,0.97646457,1.1920929e-07
0,1,0.9995912,0.9995912,0.0
0,1,0.9999876,0.9999876,0.0
0,1,0.9982699,0.9982699,0.0
0,1,0.9999931,0.9999931,0.0
0,1,0.9998872,0.9998872,0.0
0,1,0.99638236,0.99638236,0.0
0,1,0.9994547,0.9994547,0.0
0,1,0.9989152,0.9989152,0.0
1,1,0.99999785,0.99999785,0.0
0,1,0.91181374,0.91181374,0.0
0,1,0.9947082,0.9947082,0.0
1,1,0.999943,0.999943,0.0
1,1,0.99999297,0.99999297,0.0
0,1,0.99983096,0.99983096,0.0
0,1,0.9878468,0.9878468,0.0
0,1,0.99990547,0.99990547,0.0
1,1,0.9942234,0.9942234,0.0
0,1,0.99911267,0.99911267,0.0
0,1,0.9995024,0.9995024,0.0
0,1,0.999206,0.999206,0.0
0,1,0.9999628,0.9999628,0.0
0,1,0.9999269,0.9999269,0.0
1,1,0.99998784,0.99998784,0.0
0,1,0.99995136,0.99995136,0.0
0,1,0.99996495,0.99996495,0.0
0,1,0.9899865,0.9899865,0.0
0,1,0.9999962,0.9999962,0.0
0,1,0.99372065,0.99372065,0.0
0,1,0.9998721,0.9998721,0.0
0,1,0.9996718,0.9996718,0.0
0,1,0.99994624,0.99994624,0.0
0,1,0.999806,0.999806,0.0
0,1,0.9953087,0.9953087,0.0
0,1,0.9996427,0.9996427,0.0
0,1,0.9999747,0.9999747,0.0
0,1,0.9998921,0.9998921,0.0
0,1,0.99887115,0.99887115,0.0
0,1,0.997347,0.997347,0.0
1,1,0.9999709,0.9999709,0.0
0,1,0.999997,0.999997,0.0
0,1,0.9999944,0.9999944,0.0
0,1,0.9984003,0.9984003,0.0
0,1,0.991002,0.991002,0.0
0,1,0.9997781,0.9997781,0.0
0,1,0.99982786,0.99982786,0.0
0,1,0.99987876,0.99987876,0.0
0,1,0.9999722,0.9999722,0.0
0,1,0.999915,0.999915,0.0
0,1,0.9931732,0.9931732,0.0
0,1,0.99015,0.99015,0.0
0,1,0.99923825,0.99923825,0.0
0,1,0.99993753,0.99993753,0.0
0,1,0.9999628,0.9999628,0.0
0,1,0.9992095,0.9992095,0.0
1,1,0.9999913,0.9999913,0.0
0,1,0.99988246,0.99988246,0.0
0,1,0.997177,0.997177,0.0
0,1,0.9999497,0.9999497,0.0
0,1,0.9981198,0.9981198,0.0
0,1,0.99981505,0.99981505,0.0
0,1,0.99993384,0.99993384,0.0
0,1,0.7749927,0.77499264,5.9604645e-08
0,1,0.99998856,0.99998856,0.0
0,1,0.9999851,0.9999851,0.0
0,1,0.9999938,0.9999938,0.0
0,1,0.9998586,0.9998586,0.0
1,1,0.99973327,0.99973327,0.0
0,1,0.9999932,0.9999932,0.0
0,1,0.9998093,0.9998093,0.0
0,1,0.9997545,0.9997545,0.0
0,1,0.99995565,0.99995565,0.0
0,1,0.9999447,0.9999447,0.0
0,1,0.99998593,0.99998593,0.0
0,1,0.99746275,0.99746275,0.0
0,1,0.9999871,0.9999871,0.0
0,1,0.9994547,0.9994547,0.0
0,1,0.97750103,0.97750103,0.0
0,1,0.9997483,0.9997483,0.0
0,1,0.9996685,0.9996685,0.0
0,1,0.9994547,0.9994547,0.0
0,1,0.9961816,0.9961816,0.0
0,1,0.9137378,0.9137378,0.0
0,1,0.99063617,0.99063617,0.0
0,1,0.9942319,0.9942319,0.0
0,1,0.9981679,0.9981679,0.0
0,1,0.9989697,0.9989697,0.0
0,1,0.9991234,0.9991234,0.0
0,1,0.99998534,0.99998534,0.0
1,1,0.99999154,0.99999154,0.0
0,1,0.99986386,0.99986386,0.0
0,1,0.9953595,0.9953595,0.0
0,1,0.99978286,0.99978286,0.0
0,1,0.9999858,0.9999858,0.0
0,1,0.9990466,0.9990466,0.0
0,1,0.99999344,0.99999344,0.0
0,1,0.9999871,0.9999871,0.0
0,1,0.9869856,0.9869856,0.0
0,1,0.99387425,0.99387425,0.0
0,1,0.99995184,0.99995184,0.0
0,1,0.99994373,0.99994373,0.0
0,1,0.9999244,0.9999244,0.0
0,1,0.9977931,0.9977931,0.0
0,1,0.98426443,0.98426443,0.0
0,1,0.99991775,0.99991775,0.0
1,1,0.9997303,0.9997303,0.0
0,1,0.999201,0.999201,0.0
0,1,0.99979705,0.99979705,0.0
0,1,0.99953043,0.99953043,0.0
0,1,0.9998355,0.9998355,0.0
1,1,0.9936435,0.9936435,0.0
0,1,0.9848067,0.9848067,0.0
0,1,0.9997627,0.9997627,0.0
0,1,0.99966276,0.99966276,0.0
0,1,0.9946144,0.9946144,0.0
0,1,0.99983966,0.99983966,0.0
0,1,0.90186334,0.90186346,1.1920929e-07
0,1,0.9999876,0.9999876,0.0
0,1,0.999772,0.999772,0.0
0,1,0.99995947,0.99995947,0.0
0,1,0.99987423,0.99987423,0.0
0,1,0.9743231,0.9743231,0.0
0,1,0.99979395,0.99979395,0.0
0,1,0.9987968,0.9987968,0.0
0,1,0.9990984,0.9990984,0.0
0,1,0.9992471,0.9992471,0.0
0,1,0.99997926,0.99997926,0.0
0,1,0.9880916,0.9880916,0.0
0,1,0.9998884,0.9998884,0.0
0,1,0.99287194,0.99287194,0.0
0,1,0.99986863,0.99986863,0.0
0,1,0.9953876,0.9953876,0.0
0,1,0.9999907,0.9999907,0.0
0,1,0.99998415,0.99998415,0.0
0,1,0.9953608,0.9953608,0.0
1,1,0.9999993,0.9999993,0.0
0,1,0.9998084,0.9998084,0.0
0,1,0.98157585,0.98157585,0.0
0,1,0.9969668,0.9969668,0.0
1,1,0.99998426,0.99998426,0.0
0,1,0.99985003,0.99985003,0.0
1,1,0.9998567,0.9998567,0.0
0,1,0.9823385,0.9823385,0.0
0,1,0.99712485,0.99712485,0.0
0,1,0.9910767,0.9910767,0.0
0,1,0.9992003,0.9992003,0.0
0,1,0.9889685,0.9889685,0.0
1,1,0.9998838,0.9998838,0.0
0,1,0.998632,0.998632,0.0
0,1,0.99981827,0.99981827,0.0
1,1,0.9999938,0.9999938,0.0
0,1,0.9962675,0.9962675,0.0
0,1,0.9163391,0.9163391,0.0
0,1,0.99999833,0.99999833,0.0
0,1,0.9999448,0.9999448,0.0
0,1,0.9999676,0.9999676,0.0
0,1,0.9999682,0.9999682,0.0
0,1,0.99695086,0.99695086,0.0
0,1,0.9985214,0.9985214,0.0
0,1,0.9909368,0.9909368,0.0
0,1,0.9996427,0.9996427,0.0
0,1,0.9996718,0.9996718,0.0
1,1,0.99741435,0.99741423,1.1920929e-07
0,1,0.9995716,0.9995716,0.0
0,1,0.99979633,0.99979633,0.0
0,1,0.9958592,0.9958592,0.0
0,1,0.99999046,0.99999046,0.0
0,1,0.9999945,0.9999945,0.0
1,1,0.9863658,0.9863658,0.0
0,1,0.98575103,0.9857509,1.1920929e-07
0,1,0.9993222,0.9993222,0.0
1,1,0.99996793,0.99996793,0.0
0,1,0.85421365,0.8542138,1.1920929e-07
0,1,0.99838424,0.99838424,0.0
0,1,0.99976104,0.99976104,0.0
0,1,0.9999912,0.9999912,0.0
0,1,0.9964845,0.9964845,0.0
0,1,0.99958533,0.99958533,0.0
0,1,0.99959666,0.99959666,0.0
0,1,0.9996716,0.9996716,0.0
0,1,0.9999969,0.9999969,0.0
0,1,0.97703844,0.97703856,1.1920929e-07
0,1,0.9998884,0.9998884,0.0
0,1,0.9996038,0.9996038,0.0
0,1,0.97038966,0.9703898,1.1920929e-07
0,1,0.9987471,0.9987471,0.0
0,1,0.99969745,0.99969745,0.0
0,1,0.99889624,0.99889624,0.0
0,1,0.9997868,0.9997868,0.0
0,1,0.99953544,0.99953544,0.0
0,1,0.9990864,0.9990864,0.0
0,1,0.898597,0.8985971,1.1920929e-07
0,1,0.99985194,0.99985194,0.0
0,1,0.9985158,0.9985158,0.0
0,1,0.99988997,0.99988997,0.0
0,1,0.9993339,0.9993339,0.0
0,1,0.99994624,0.99994624,0.0
0,1,0.99958473,0.99958473,0.0
0,1,0.9994411,0.9994411,0.0
0,1,0.99997914,0.99997914,0.0
0,1,0.99907196,0.99907196,0.0
0,1,0.99995446,0.99995446,0.0
0,1,0.9973531,0.9973531,0.0
0,1,0.99901617,0.99901617,0.0
0,1,0.9990125,0.9990125,0.0
0,1,0.99989176,0.99989176,0.0
0,1,0.9999788,0.9999788,0.0
0,1,0.9999883,0.9999883,0.0
0,1,0.99887365,0.99887365,0.0
0,1,0.9826539,0.9826539,0.0
0,1,0.999879,0.999879,0.0
0,1,0.7394139,0.73941374,1.7881393e-07
0,1,0.9983669,0.9983669,0.0
0,1,0.97832257,0.97832257,0.0
0,1,0.9999211,0.9999211,0.0
0,1,0.98712164,0.98712164,0.0
0,1,0.9927937,0.9927937,0.0
0,1,0.9921102,0.9921102,0.0
0,1,0.97791183,0.97791195,1.1920929e-07
0,1,0.99928576,0.99928576,0.0
0,1,0.99992156,0.99992156,0.0
0,1,0.99898356,0.99898356,0.0
0,1,0.9986627,0.9986627,0.0
0,1,0.99943966,0.99943966,0.0
0,1,0.9990421,0.9990421,0.0
0,1,0.9985018,0.9985018,0.0
0,1,0.9997234,0.9997234,0.0
0,1,0.9989435,0.9989435,0.0
0,1,0.9998379,0.9998379,0.0
0,1,0.99574226,0.99574226,0.0
0,1,0.9998467,0.9998467,0.0
1,1,0.9552812,0.9552812,0.0
0,1,0.9919389,0.9919389,0.0
0,1,0.9949603,0.9949603,0.0
0,1,0.9767978,0.9767978,0.0
0,1,0.999982,0.999982,0.0
0,1,0.9316688,0.9316689,5.9604645e-08
0,1,0.99942756,0.99942756,0.0
0,1,0.88197094,0.881971,5.9604645e-08
0,1,0.99997914,0.99997914,0.0
0,1,0.99992645,0.99992645,0.0
0,1,0.99948007,0.99948007,0.0
0,1,0.9999883,0.9999883,0.0
0,1,0.999995,0.999995,0.0
0,1,0.9997173,0.9997173,0.0
0,1,0.99951565,0.99951565,0.0
0,1,0.9972638,0.9972638,0.0
0,1,0.9999534,0.9999534,0.0
0,1,0.99938893,0.99938893,0.0
0,1,0.9999082,0.9999082,0.0
0,1,0.9811772,0.9811772,0.0
0,1,0.9904693,0.9904693,0.0
0,1,0.98763406,0.98763406,0.0
0,1,0.9993679,0.9993679,0.0
0,1,0.9989648,0.9989648,0.0
0,1,0.9999844,0.9999844,0.0
0,1,0.9999783,0.9999783,0.0
0,1,0.99873036,0.99873036,0.0
0,1,0.9911419,0.9911419,0.0
0,1,0.99990237,0.99990237,0.0
0,1,0.99983954,0.99983954,0.0
0,1,0.99901617,0.99901617,0.0
0,0,0.35066277,0.35066226,5.066395e-07
0,1,0.99982196,0.99982196,0.0
0,1,0.9755938,0.9755937,1.1920929e-07
0,1,0.9999362,0.9999362,0.0
0,1,0.97364736,0.97364736,0.0
0,1,0.99990475,0.99990475,0.0
0,1,0.9969261,0.9969261,0.0
0,1,0.99957293,0.99957293,0.0
0,1,0.99950945,0.99950945,0.0
0,1,0.99832433,0.99832433,0.0
0,1,0.999828,0.999828,0.0
0,1,0.9998066,0.9998066,0.0
0,1,0.99430543,0.99430543,0.0
0,1,0.9999944,0.9999944,0.0
0,1,0.9999932,0.9999932,0.0
0,1,0.99887794,0.99887794,0.0
0,1,0.99900013,0.99900013,0.0
0,1,0.9999633,0.9999633,0.0
0,1,0.9992299,0.9992299,0.0
0,1,0.99793315,0.99793315,0.0
0,1,0.99921715,0.99921715,0.0
0,1,0.99970067,0.99970067,0.0
0,1,0.9999809,0.9999809,0.0
0,1,0.9996427,0.9996427,0.0
0,1,0.99996316,0.99996316,0.0
0,1,0.8857411,0.88574123,1.1920929e-07
0,1,0.999864,0.999864,0.0
0,1,0.9903216,0.9903216,0.0
0,1,0.99995863,0.99995863,0.0
0,1,0.99912924,0.99912924,0.0
0,1,0.9999981,0.9999981,0.0
0,1,0.9782543,0.97825444,1.1920929e-07
0,1,0.9999759,0.9999759,0.0
0,1,0.99901617,0.99901617,0.0
0,1,0.9997309,0.9997309,0.0
0,1,0.9922712,0.9922712,0.0
0,1,0.9998511,0.9998511,0.0
0,1,0.9998801,0.9998801,0.0
0,1,0.99994624,0.99994624,0.0
0,1,0.99989665,0.99989665,0.0
0,1,0.866127,0.866127,0.0
0,1,0.99991643,0.99991643,0.0
0,1,0.98904,0.98904,0.0
0,1,0.99987185,0.99987185,0.0
0,1,0.9999951,0.9999951,0.0
1,1,0.9970872,0.9970872,0.0
0,1,0.99896204,0.99896204,0.0
0,1,0.99999607,0.99999607,0.0
0,1,0.99457514,0.99457514,0.0
0,1,0.9997234,0.9997234,0.0
0,1,0.99997556,0.99997556,0.0
0,1,0.99999905,0.99999905,0.0
0,1,0.8971715,0.8971715,0.0
0,1,0.9983487,0.9983487,0.0
0,1,0.999752,0.999752,0.0
0,1,0.99657625,0.99657625,0.0
0,1,0.98649734,0.98649734,0.0
0,1,0.98839927,0.98839927,0.0
0,1,0.99994993,0.99994993,0.0
0,1,0.99965155,0.99965155,0.0
0,1,0.9758984,0.9758984,0.0
0,1,0.9996537,0.9996537,0.0
0,1,0.99976987,0.99976987,0.0
0,1,0.9981851,0.9981851,0.0
0,1,0.9999664,0.9999664,0.0
0,1,0.9990453,0.9990453,0.0
0,1,0.9999851,0.9999851,0.0
0,1,0.99562484,0.99562484,0.0
0,1,0.99280906,0.99280906,0.0
0,1,0.9957551,0.9957551,0.0
0,1,0.9988386,0.9988386,0.0
0,1,0.998632,0.998632,0.0
0,1,0.99998915,0.99998915,0.0
0,1,0.99958485,0.99958485,0.0
0,1,0.9998511,0.9998511,0.0
0,1,0.9908591,0.9908591,0.0
0,1,0.9989951,0.9989951,0.0
0,1,0.999752,0.999752,0.0
0,1,0.9999863,0.9999863,0.0
0,1,0.9989993,0.9989993,0.0
0,1,0.9999926,0.9999926,0.0
0,1,0.9997992,0.9997992,0.0
0,1,0.9995024,0.9995024,0.0
0,1,0.9992035,0.9992035,0.0
0,1,0.9976036,0.9976036,0.0
1,1,0.9996427,0.9996427,0.0
0,1,0.99901617,0.99901617,0.0
0,1,0.99992836,0.99992836,0.0
0,1,0.998461,0.998461,0.0
0,1,0.99874264,0.99874264,0.0
1,1,0.9983676,0.9983676,0.0
1,1,0.9994092,0.9994092,0.0
0,1,0.99901617,0.99901617,0.0
0,1,0.9273089,0.92730904,1.1920929e-07
0,1,0.998538,0.998538,0.0
0,1,0.9999932,0.9999932,0.0
0,1,0.99993277,0.99993277,0.0
0,1,0.9994547,0.9994547,0.0
0,1,0.9999434,0.9999434,0.0
0,1,0.9999603,0.9999603,0.0
0,1,0.9980515,0.9980515,0.0
0,1,0.9971891,0.9971891,0.0
0,1,0.9788614,0.9788615,1.1920929e-07
0,1,0.9990939,0.9990939,0.0
0,1,0.99994624,0.99994624,0.0
0,1,0.9981565,0.9981565,0.0
0,1,0.99996555,0.99996555,0.0
0,1,0.98942727,0.98942727,0.0
0,1,0.9946561,0.9946561,0.0
1,1,0.99993145,0.99993145,0.0
1,1,0.9981846,0.9981846,0.0
0,1,0.99991226,0.99991226,0.0
0,1,0.99995315,0.99995315,0.0
0,1,0.9994572,0.9994572,0.0
0,1,0.99465007,0.99465007,0.0
0,1,0.86174494,0.86174494,0.0
0,1,0.99125963,0.99125975,1.1920929e-07
0,1,0.999997,0.999997,0.0
0,1,0.99385464,0.9938547,5.9604645e-08
0,1,0.99974984,0.99974984,0.0
0,1,0.99492943,0.99492943,0.0
0,1,0.75479627,0.75479627,0.0
0,1,0.9993211,0.9993211,0.0
0,1,0.9988218,0.9988218,0.0
0,1,0.9997483,0.9997483,0.0
0,1,0.9995123,0.9995123,0.0
0,1,0.9991297,0.9991297,0.0
0,1,0.99753666,0.99753666,0.0
0,1,0.9995641,0.9995641,0.0
1,1,0.9999877,0.9999877,0.0
0,1,0.99405104,0.99405104,0.0
0,1,0.9740772,0.9740772,0.0
1,1,0.99997175,0.99997175,0.0
0,1,0.9999478,0.9999478,0.0
0,1,0.9489148,0.9489148,0.0
0,1,0.998626,0.998626,0.0
0,1,0.9999566,0.9999566,0.0
1,1,0.99990785,0.99990785,0.0
0,1,0.9997446,0.9997446,0.0
0,1,0.998468,0.998468,0.0
0,1,0.99996746,0.99996746,0.0
0,1,0.99517953,0.99517953,0.0
0,1,0.9978598,0.9978598,0.0
0,1,0.8093869,0.8093868,1.1920929e-07
0,1,0.9995567,0.9995567,0.0
1,1,0.99992526,0.99992526,0.0
0,1,0.94431245,0.94431245,0.0
0,1,0.99447906,0.99447906,0.0
0,1,0.99939907,0.99939907,0.0
0,1,0.9999913,0.9999913,0.0
0,1,0.9996879,0.9996879,0.0
0,1,0.99910694,0.99910694,0.0
0,1,0.99649835,0.99649835,0.0
0,1,0.99755543,0.99755543,0.0
0,1,0.99884677,0.99884677,0.0
0,1,0.88151217,0.88151217,0.0
0,1,0.9966876,0.9966876,0.0
0,1,0.99998474,0.99998474,0.0
0,1,0.99795,0.99795,0.0
0,1,0.9989202,0.9989202,0.0
0,1,0.9970613,0.9970613,0.0
0,1,0.7513879,0.75138813,2.3841858e-07
0,1,0.9942729,0.9942729,0.0
0,1,0.99997437,0.99997437,0.0
0,1,0.998247,0.998247,0.0
0,1,0.9842768,0.9842768,0.0
0,1,0.9998197,0.9998197,0.0
0,1,0.99951303,0.99951303,0.0
0,1,0.9913288,0.9913288,0.0
0,1,0.9999871,0.9999871,0.0
0,1,0.9999746,0.9999746,0.0
0,1,0.999995,0.999995,0.0
0,1,0.9979122,0.9979122,0.0
0,1,0.999752,0.999752,0.0
0,1,0.9931323,0.9931323,0.0
0,1,0.997387,0.997387,0.0
0,1,0.99997413,0.99997413,0.0
0,1,0.9978326,0.9978326,0.0
0,1,0.9953265,0.9953265,0.0
0,1,0.99400145,0.99400145,0.0
0,1,0.9999262,0.9999262,0.0
0,1,0.9735704,0.9735704,0.0
0,1,0.9994236,0.9994236,0.0
0,1,0.99973315,0.99973315,0.0
0,1,0.99999535,0.99999535,0.0
0,1,0.9997043,0.9997043,0.0
1,1,0.9999547,0.9999547,0.0
0,1,0.9998834,0.9998834,0.0
0,1,0.99994075,0.99994075,0.0
0,1,0.99795294,0.99795294,0.0
0,1,0.9999311,0.9999311,0.0
0,1,0.9973573,0.9973573,0.0
0,1,0.9998223,0.9998223,0.0
0,1,0.99966276,0.99966276,0.0
0,1,0.80430436,0.80430436,0.0
0,1,0.8707887,0.8707887,0.0
0,1,0.9997445,0.9997445,0.0
0,1,0.9998994,0.9998994,0.0
0,1,0.9862672,0.9862672,0.0
0,1,0.9996203,0.9996203,0.0
0,1,0.99973255,0.99973255,0.0
0,1,0.80344194,0.80344194,0.0
1,1,0.99905473,0.99905473,0.0
0,1,0.96159285,0.96159285,0.0
0,1,0.999928,0.999928,0.0
0,1,0.99989164,0.99989164,0.0
0,1,0.9979007,0.9979007,0.0
0,1,0.9994937,0.9994937,0.0
0,1,0.99776864,0.99776864,0.0
1,1,0.9971342,0.9971342,0.0
0,1,0.99935085,0.99935085,0.0
0,1,0.99996424,0.99996424,0.0
1,1,0.9999888,0.9999888,0.0
0,1,0.9997595,0.9997595,0.0
0,1,0.99669087,0.99669087,0.0
0,1,0.9698406,0.9698406,0.0
0,1,0.99967957,0.99967957,0.0
1,1,0.9992524,0.9992524,0.0
0,1,0.999206,0.999206,0.0
0,1,0.9998846,0.9998846,0.0
1,1,0.9995085,0.9995085,0.0
0,1,0.968745,0.968745,0.0
0,1,0.9695054,0.9695054,0.0
0,1,0.9999367,0.9999367,0.0
0,1,0.9992924,0.9992924,0.0
0,1,0.99966276,0.99966276,0.0
0,1,0.9811335,0.9811335,0.0
0,1,0.99980766,0.99980766,0.0
0,1,0.9999578,0.9999578,0.0
0,1,0.9996443,0.9996443,0.0
0,1,0.9837955,0.9837954,1.1920929e-07
0,1,0.99979264,0.99979264,0.0
0,1,0.9999721,0.9999721,0.0
0,1,0.99998224,0.99998224,0.0
0,1,0.9999819,0.9999819,0.0
0,1,0.99144065,0.9914408,1.1920929e-07
0,1,0.99926037,0.99926037,0.0
0,1,0.9971372,0.9971372,0.0
0,1,0.9999862,0.9999862,0.0
0,1,0.9997403,0.9997403,0.0
0,1,0.99952674,0.99952674,0.0
0,1,0.99930537,0.99930537,0.0
0,1,0.9994547,0.9994547,0.0
0,1,0.99253285,0.99253285,0.0
0,1,0.9999348,0.9999348,0.0
0,1,0.9991284,0.9991284,0.0
0,1,0.9514585,0.9514586,5.9604645e-08
0,1,0.99960357,0.99960357,0.0
0,1,0.9977329,0.9977329,0.0
1,1,0.9999658,0.9999658,0.0
0,1,0.99989283,0.99989283,0.0
0,1,0.9997234,0.9997234,0.0
0,1,0.9999969,0.9999969,0.0
0,1,0.9995858,0.9995858,0.0
0,1,0.9999622,0.9999622,0.0
0,1,0.9661025,0.9661025,0.0
0,1,0.9999143,0.9999143,0.0
0,1,0.99381185,0.99381185,0.0
0,1,0.9997155,0.9997155,0.0
0,1,0.99969137,0.99969137,0.0
0,1,0.9935861,0.9935861,0.0
0,1,0.9998733,0.9998733,0.0
1,1,0.9999945,0.9999945,0.0
0,1,0.9998882,0.9998882,0.0
0,1,0.99796593,0.99796593,0.0
1,1,0.99999535,0.99999535,0.0
0,1,0.9999496,0.9999496,0.0
0,1,0.99966276,0.99966276,0.0
0,1,0.96444714,0.96444714,0.0
0,1,0.9952859,0.9952859,0.0
0,1,0.99997485,0.99997485,0.0
1,1,0.99969053,0.99969053,0.0
0,1,0.9998354,0.9998354,0.0
0,1,0.99594253,0.9959424,1.1920929e-07
0,1,0.89554214,0.89554214,0.0
0,1,0.9557143,0.95571417,1.1920929e-07
0,1,0.9984301,0.9984301,0.0
0,1,0.9970939,0.9970939,0.0
0,1,0.96159285,0.96159285,0.0
0,1,0.9999877,0.9999877,0.0
0,1,0.9999312,0.9999312,0.0
1,1,0.9999609,0.9999609,0.0
0,1,0.988577,0.988577,0.0
0,1,0.9990221,0.9990221,0.0
0,1,0.9712579,0.97125804,1.1920929e-07
0,1,0.9999311,0.9999311,0.0
0,1,0.9999807,0.9999807,0.0
1,1,0.99997175,0.99997175,0.0
0,1,0.99901617,0.99901617,0.0
0,1,0.9997664,0.9997664,0.0
0,1,0.99815696,0.99815696,0.0
0,1,0.95947146,0.95947146,0.0
0,1,0.99998975,0.99998975,0.0
0,1,0.9996427,0.9996427,0.0
0,1,0.9972446,0.9972446,0.0
0,1,0.9996427,0.9996427,0.0
0,1,0.9994955,0.9994955,0.0
0,1,0.9998078,0.9998078,0.0
0,1,0.9994429,0.9994429,0.0
0,1,0.9899906,0.9899905,1.1920929e-07
0,1,0.9999764,0.9999764,0.0
0,1,0.9999368,0.9999368,0.0
0,1,0.9999974,0.9999974,0.0
1,1,0.9983828,0.9983828,0.0
0,1,0.99886644,0.99886644,0.0
0,1,0.999206,0.999206,0.0
0,1,0.99922144,0.99922144,0.0
0,1,0.99289674,0.99289674,0.0
0,1,0.99988616,0.99988616,0.0
0,1,0.779663,0.77966267,3.5762787e-07
0,1,0.96089715,0.96089715,0.0
0,1,0.9895745,0.9895744,1.1920929e-07
0,1,0.98863053,0.98863053,0.0
0,1,0.99998856,0.99998856,0.0
1,1,0.9997156,0.9997156,0.0
1,1,0.9341274,0.9341275,1.1920929e-07
0,1,0.98787093,0.98787093,0.0
0,1,0.9999883,0.9999883,0.0
0,1,0.99901617,0.99901617,0.0
0,1,0.99998605,0.99998605,0.0
0,1,0.9958203,0.9958203,0.0
0,1,0.99969065,0.9996908,1.1920929e-07
0,1,0.99642193,0.99642193,0.0
0,1,0.99997354,0.99997354,0.0
0,1,0.9946572,0.9946572,0.0
0,1,0.975907,0.975907,0.0
0,1,0.9865197,0.9865197,0.0
0,1,0.9998846,0.9998846,0.0
0,1,0.999961,0.999961,0.0
0,1,0.99587446,0.99587446,0.0
0,1,0.8546789,0.85467905,1.1920929e-07
1,1,0.99996495,0.99996495,0.0
1,1,0.9999925,0.9999925,0.0
0,1,0.9982926,0.9982926,0.0
0,1,0.9845501,0.9845501,0.0
0,1,0.92288727,0.92288727,0.0
0,1,0.9999442,0.9999442,0.0
1,1,0.9995603,0.9995603,0.0
0,1,0.9998938,0.9998938,0.0
0,1,0.99993944,0.99993944,0.0
0,1,0.9739819,0.9739819,0.0
0,1,0.99921715,0.99921715,0.0
0,1,0.99996316,0.99996316,0.0
0,1,0.99975127,0.99975127,0.0
0,1,0.9998412,0.9998412,0.0
0,1,0.9653247,0.9653247,0.0
1,1,0.998779,0.998779,0.0
0,1,0.99982846,0.99982846,0.0
0,1,0.99864393,0.99864393,0.0
0,1,0.9998983,0.9998983,0.0
0,1,0.9993393,0.9993393,0.0
0,1,0.99938166,0.99938166,0.0
0,1,0.97625786,0.97625786,0.0
0,1,0.78930736,0.7893075,1.1920929e-07
0,1,0.9916931,0.99169296,1.1920929e-07
0,1,0.99901617,0.99901617,0.0
1,1,0.9987748,0.9987748,0.0
0,1,0.99793315,0.99793315,0.0
0,1,0.9998591,0.9998591,0.0
0,1,0.9999163,0.9999163,0.0
0,1,0.99994624,0.99994624,0.0
0,1,0.99992967,0.99992967,0.0
0,1,0.99427783,0.99427783,0.0
0,1,0.99987733,0.99987733,0.0
0,1,0.99100894,0.99100894,0.0
0,1,0.9995177,0.9995177,0.0
0,1,0.99974424,0.99974424,0.0
0,1,0.99992394,0.99992394,0.0
0,1,0.99734807,0.99734807,0.0
0,1,0.98980355,0.98980355,0.0
0,1,0.9793783,0.9793784,1.1920929e-07
0,1,0.9999547,0.9999547,0.0
0,1,0.9999641,0.9999641,0.0
1,1,0.99998116,0.99998116,0.0
0,1,0.9989027,0.9989027,0.0
0,1,0.9967212,0.9967212,0.0
1,1,0.999859,0.999859,0.0
0,1,0.99538475,0.99538475,0.0
0,1,0.9997663,0.9997663,0.0
0,1,0.99901617,0.99901617,0.0
0,1,0.99999416,0.99999416,0.0
0,1,0.99966276,0.99966276,0.0
0,1,0.99994624,0.99994624,0.0
1,1,0.9994547,0.9994547,0.0
0,1,0.9994771,0.9994771,0.0
1,1,0.99998593,0.99998593,0.0
0,1,0.99901617,0.99901617,0.0
0,1,0.9998653,0.9998653,0.0
0,1,0.9990133,0.9990133,0.0
0,1,0.9996722,0.9996722,0.0
0,1,0.9994103,0.9994103,0.0
0,1,0.9967642,0.9967642,0.0
0,1,0.9328887,0.9328887,0.0
0,1,0.99932885,0.99932885,0.0
0,1,0.9996427,0.9996427,0.0
0,1,0.99992347,0.99992347,0.0
0,1,0.999936,0.999936,0.0
0,1,0.9999274,0.9999274,0.0
0,1,0.9988825,0.9988825,0.0
0,1,0.9998654,0.9998654,0.0
0,1,0.99924684,0.99924684,0.0
0,1,0.9743197,0.9743197,0.0
0,1,0.9621643,0.9621643,0.0
0,1,0.9548241,0.9548241,0.0
0,1,0.99986684,0.99986684,0.0
0,1,0.998632,0.998632,0.0
0,1,0.999962,0.999962,0.0
0,1,0.9996673,0.9996673,0.0
0,1,0.9998367,0.9998367,0.0
0,1,0.99994624,0.99994624,0.0
0,1,0.99997544,0.99997544,0.0
0,1,0.99989176,0.99989176,0.0
0,1,0.99963295,0.99963295,0.0
0,1,0.9999627,0.9999627,0.0
0,1,0.88433415,0.88433427,1.1920929e-07
0,1,0.99995816,0.99995816,0.0
0,1,0.999997,0.999997,0.0
0,1,0.9999883,0.9999883,0.0
0,1,0.9947082,0.9947082,0.0
0,1,0.9768305,0.9768306,1.1920929e-07
0,1,0.9747103,0.9747103,0.0
0,1,0.96159285,0.96159285,0.0
0,1,0.99999607,0.99999607,0.0
0,1,0.99901617,0.99901617,0.0
1,1,0.99868864,0.99868864,0.0
0,1,0.7218499,0.7218499,0.0
0,1,0.9865189,0.9865189,0.0
0,1,0.99732,0.99732,0.0
0,1,0.9996506,0.9996506,0.0
0,1,0.9998989,0.9998989,0.0
0,1,0.99957603,0.99957603,0.0
0,1,0.89209646,0.8920963,1.7881393e-07
1,1,0.99997365,0.99997365,0.0
0,1,0.99929976,0.99929976,0.0
0,1,0.9993649,0.9993649,0.0
0,1,0.99956065,0.99956065,0.0
0,1,0.99795,0.99795,0.0
0,1,0.9999032,0.9999032,0.0
0,1,0.99901617,0.99901617,0.0
0,1,0.9642211,0.9642211,0.0
1,1,0.9999765,0.9999765,0.0
0,1,0.9999851,0.9999851,0.0
0,1,0.99966276,0.99966276,0.0
1,1,0.9999994,0.9999994,0.0
0,1,0.9998884,0.9998884,0.0
0,1,0.9987476,0.9987476,0.0
0,1,0.9969772,0.9969772,0.0
0,1,0.9998758,0.9998758,0.0
1,1,0.9999981,0.9999981,0.0
0,1,0.9917427,0.9917427,0.0
0,1,0.9997234,0.9997234,0.0
1,1,0.97607046,0.97607046,0.0
0,1,0.99425006,0.99425006,0.0
0,1,0.97110254,0.97110254,0.0
0,1,0.9990845,0.9990845,0.0
0,1,0.9627079,0.9627079,0.0
0,1,0.9960211,0.9960211,0.0
0,1,0.9999182,0.9999182,0.0
0,1,0.99949193,0.99949193,0.0
0,1,0.9999733,0.9999733,0.0
1,1,0.99998033,0.99998033,0.0
0,1,0.9914669,0.9914669,0.0
1,1,0.9993094,0.9993094,0.0
1,1,0.98685735,0.98685735,0.0
0,1,0.99993527,0.99993527,0.0
0,1,0.99966276,0.99966276,0.0
0,1,0.9959241,0.9959241,0.0
0,1,0.9736955,0.9736955,0.0
0,1,0.99824476,0.99824476,0.0
0,1,0.9995685,0.9995685,0.0
1,1,0.9999647,0.9999647,0.0
0,1,0.99901617,0.99901617,0.0
0,1,0.9931385,0.9931385,0.0
0,1,0.9861189,0.9861189,0.0
1,1,0.9786864,0.9786863,1.1920929e-07
0,1,0.6777543,0.6777544,1.1920929e-07
0,1,0.999752,0.999752,0.0
0,1,0.9991209,0.9991209,0.0
0,1,0.9994149,0.9994149,0.0
0,1,0.96835965,0.96835965,0.0
0,1,0.9994356,0.9994356,0.0
0,1,0.9996718,0.9996718,0.0
0,1,0.9955525,0.9955525,0.0
1,1,0.99992085,0.99992085,0.0
0,1,0.9994547,0.9994547,0.0
0,1,0.9999827,0.9999827,0.0
0,1,0.9999974,0.9999974,0.0
0,1,0.99703574,0.99703574,0.0
0,1,0.99993694,0.99993694,0.0
0,1,0.999977,0.999977,0.0
1,1,0.99669015,0.99669015,0.0
0,1,0.99995816,0.99995816,0.0
1,1,0.99998975,0.99998975,0.0
0,1,0.9999455,0.9999455,0.0
0,1,0.9999634,0.9999634,0.0
0,1,0.99978,0.99978,0.0
0,1,0.99156815,0.99156815,0.0
0,1,0.9979456,0.9979456,0.0
1,1,0.99975306,0.99975306,0.0
0,1,0.99906355,0.99906355,0.0
1,1,0.9999707,0.9999707,0.0
0,1,0.99797016,0.99797016,0.0
0,1,0.999997,0.999997,0.0
0,1,0.9998499,0.9998499,0.0
0,1,0.9999709,0.9999709,0.0
1,1,0.99999106,0.99999106,0.0
0,1,0.9994547,0.9994547,0.0
0,1,0.9999752,0.9999752,0.0
0,1,0.9999883,0.9999883,0.0
0,1,0.99994385,0.99994385,0.0
0,1,0.99997365,0.99997365,0.0
1,1,0.9999988,0.9999988,0.0
0,1,0.99948186,0.99948186,0.0
0,1,0.999997,0.999997,0.0
0,1,0.9998907,0.9998907,0.0
0,1,0.9999324,0.9999324,0.0
0,1,0.99615127,0.99615127,0.0
0,1,0.99900925,0.99900925,0.0
0,1,0.99994624,0.99994624,0.0
0,1,0.99998736,0.99998736,0.0
0,1,0.9997824,0.9997824,0.0
0,1,0.99998224,0.99998224,0.0
0,1,0.9995459,0.9995459,0.0
0,1,0.9708293,0.9708293,0.0
0,1,0.99985003,0.99985003,0.0
0,1,0.999438,0.999438,0.0
0,1,0.99988556,0.99988556,0.0
0,1,0.99696404,0.99696404,0.0
1,1,0.9943768,0.9943768,0.0
0,1,0.9987387,0.9987387,0.0
0,1,0.9993474,0.9993474,0.0
0,1,0.9995459,0.9995459,0.0
0,1,0.9999933,0.9999933,0.0
0,1,0.9544764,0.95447654,1.1920929e-07
1,1,0.999985,0.999985,0.0
0,1,0.99425334,0.99425334,0.0
0,1,0.99951863,0.99951863,0.0
1,1,0.83020234,0.8302023,5.9604645e-08
0,1,0.9997484,0.9997484,0.0
0,1,0.999206,0.999206,0.0
0,1,0.9996427,0.9996427,0.0
0,1,0.9996637,0.9996637,0.0
0,1,0.999997,0.999997,0.0
0,1,0.99996495,0.99996495,0.0
0,1,0.9999168,0.9999168,0.0
0,1,0.99987674,0.99987674,0.0
0,1,0.9967212,0.9967212,0.0
0,1,0.99901617,0.99901617,0.0
0,1,0.9998349,0.9998349,0.0
1,1,0.9999713,0.9999713,0.0
0,1,0.9997055,0.9997055,0.0
0,1,0.99992836,0.99992836,0.0
0,1,0.9931539,0.9931539,0.0
0,1,0.9964993,0.9964993,0.0
0,1,0.9998124,0.9998124,0.0
0,1,0.99757993,0.99757993,0.0
0,1,0.99992335,0.99992335,0.0
0,1,0.99993014,0.99993014,0.0
0,1,0.99990726,0.99990726,0.0
1,1,0.9997955,0.9997955,0.0
0,1,0.999997,0.999997,0.0
0,1,0.9999162,0.9999162,0.0
0,1,0.99854976,0.99854976,0.0
0,1,0.9986625,0.9986625,0.0
0,1,0.9999672,0.9999672,0.0
0,1,0.9986981,0.9986981,0.0
0,1,0.9999459,0.9999459,0.0
0,1,0.9999937,0.9999937,0.0
0,1,0.99901617,0.99901617,0.0
0,1,0.9779644,0.9779644,0.0
0,1,0.999997,0.999997,0.0
0,1,0.99889463,0.99889463,0.0
0,1,0.83575964,0.8357598,1.7881393e-07
0,1,0.9999794,0.9999794,0.0
0,1,0.99998164,0.99998164,0.0
0,1,0.99696904,0.99696904,0.0
0,1,0.99999225,0.99999225,0.0
0,1,0.99977034,0.99977034,0.0
0,1,0.97282344,0.97282344,0.0
0,1,0.99999607,0.99999607,0.0
1,1,0.9999703,0.9999703,0.0
0,1,0.99543804,0.99543804,0.0
1,1,0.9996099,0.9996099,0.0
0,1,0.99978095,0.99978095,0.0
0,1,0.9999945,0.9999945,0.0
0,1,0.9968526,0.9968526,0.0
0,1,0.999752,0.999752,0.0
0,1,0.99934226,0.99934226,0.0
0,1,0.97400486,0.97400486,0.0
0,1,0.9997551,0.9997551,0.0
0,1,0.99795,0.99795,0.0
0,1,0.9972662,0.9972662,0.0
0,1,0.9999974,0.9999974,0.0
0,1,0.9970174,0.9970174,0.0
0,1,0.99964213,0.99964213,0.0
0,1,0.9978897,0.9978897,0.0
1,1,0.99910694,0.99910694,0.0
0,1,0.9998227,0.9998227,0.0
0,1,0.9986298,0.9986298,0.0
0,1,0.99992704,0.99992704,0.0
0,1,0.9999769,0.9999769,0.0
1,1,0.9999801,0.9999801,0.0
0,1,0.99992037,0.99992037,0.0
0,1,0.99883443,0.99883443,0.0
0,1,0.9999844,0.9999844,0.0
0,1,0.98315823,0.98315835,1.1920929e-07
0,1,0.98091584,0.98091584,0.0
0,1,0.9969414,0.99694127,1.1920929e-07
0,1,0.9983381,0.9983381,0.0
0,1,0.99974376,0.99974376,0.0
0,1,0.9998035,0.9998035,0.0
0,1,0.99468756,0.99468756,0.0
0,1,0.9998565,0.9998565,0.0
0,1,0.99461937,0.99461937,0.0
0,1,0.99629325,0.99629325,0.0
0,1,0.9976417,0.9976417,0.0
0,1,0.9937866,0.9937866,0.0
0,1,0.984021,0.984021,0.0
0,1,0.96485984,0.96485984,0.0
0,1,0.9999944,0.9999944,0.0
0,1,0.99525154,0.99525154,0.0
0,1,0.9999647,0.9999647,0.0
0,1,0.9998741,0.9998741,0.0
0,1,0.99468464,0.99468464,0.0
0,1,0.9999293,0.9999293,0.0
0,1,0.98795545,0.98795545,0.0
1,1,0.9999553,0.9999553,0.0
1,1,0.9999672,0.9999672,0.0
0,1,0.99999297,0.99999297,0.0
0,1,0.9999932,0.9999932,0.0
0,1,0.9785927,0.9785928,1.1920929e-07
0,1,0.999808,0.999808,0.0
0,1,0.9972516,0.9972516,0.0
0,1,0.9994547,0.9994547,0.0
0,1,0.99910694,0.99910694,0.0
0,1,0.99693954,0.99693954,0.0
0,1,0.9999465,0.9999465,0.0
0,1,0.9994547,0.9994547,0.0
0,1,0.99999654,0.99999654,0.0
0,1,0.992481,0.992481,0.0
0,1,0.9997875,0.9997875,0.0
0,1,0.999201,0.999201,0.0
0,1,0.99995124,0.99995124,0.0
1,1,0.99996746,0.99996746,0.0
1,1,0.9993807,0.9993807,0.0
0,1,0.9999565,0.9999565,0.0
0,1,0.9999479,0.9999479,0.0
0,1,0.99694246,0.99694246,0.0
0,1,0.99993324,0.99993324,0.0
0,1,0.99970144,0.99970144,0.0
0,1,0.99959797,0.99959797,0.0
1,1,0.9999641,0.9999641,0.0
0,1,0.9994547,0.9994547,0.0
0,1,0.99994135,0.99994135,0.0
0,1,0.9947082,0.9947082,0.0
0,1,0.99821764,0.99821764,0.0
0,1,0.9992599,0.9992599,0.0
0,1,0.9872519,0.9872519,0.0
1,1,0.99998534,0.99998534,0.0
0,1,0.9979602,0.9979602,0.0
0,1,0.9996718,0.9996718,0.0
1,1,0.99983597,0.99983597,0.0
1,1,0.99998856,0.99998856,0.0
0,1,0.9542466,0.95424646,1.1920929e-07
0,1,0.9995024,0.9995024,0.0
0,1,0.999887,0.999887,0.0
0,1,0.9858941,0.9858941,0.0
0,1,0.99863404,0.99863404,0.0
0,1,0.9992606,0.9992606,0.0
1,1,0.9999732,0.9999732,0.0
0,1,0.9996785,0.9996785,0.0
1,1,0.9999658,0.9999658,0.0
0,1,0.99882835,0.99882835,0.0
0,1,0.998828,0.998828,0.0
0,1,0.9996427,0.9996427,0.0
0,1,0.99998534,0.99998534,0.0
0,1,0.9997824,0.9997824,0.0
0,1,0.9912326,0.9912326,0.0
0,1,0.9994161,0.9994161,0.0
0,1,0.99997985,0.99997985,0.0
0,1,0.99995816,0.99995816,0.0
0,1,0.99741757,0.99741757,0.0
0,1,0.9977901,0.9977901,0.0
0,1,0.9994547,0.9994547,0.0
0,1,0.99998355,0.99998355,0.0
0,1,0.99690956,0.99690956,0.0
0,1,0.99325776,0.99325776,0.0
0,1,0.91614455,0.91614455,0.0
0,1,0.9994547,0.9994547,0.0
0,1,0.99415344,0.99415344,0.0
0,1,0.99950445,0.99950445,0.0
0,1,0.9980118,0.9980118,0.0
0,1,0.9998884,0.9998884,0.0
0,1,0.99540687,0.99540687,0.0
0,1,0.9999894,0.9999894,0.0
0,1,0.99995375,0.99995375,0.0
0,1,0.99966276,0.99966276,0.0
0,1,0.9975067,0.9975067,0.0
0,1,0.9989203,0.9989203,0.0
0,1,0.9999312,0.9999312,0.0
0,1,0.9850545,0.9850546,1.1920929e-07
0,1,0.9999622,0.9999622,0.0
0,1,0.99881434,0.99881434,0.0
0,1,0.9901939,0.9901939,0.0
0,1,0.99740726,0.99740726,0.0
0,1,0.9986834,0.9986834,0.0
0,1,0.9962888,0.9962888,0.0
0,1,0.9994547,0.9994547,0.0
0,1,0.99997926,0.99997926,0.0
0,1,0.99993634,0.99993634,0.0
1,1,0.9999957,0.9999957,0.0
0,1,0.9995566,0.9995566,0.0
0,1,0.9999939,0.9999939,0.0
0,1,0.99949145,0.99949145,0.0
0,1,0.9999652,0.9999652,0.0
0,1,0.9973859,0.9973859,0.0
0,1,0.9999906,0.9999906,0.0
0,1,0.99901116,0.99901116,0.0
0,1,0.9822448,0.9822449,1.1920929e-07
0,1,0.9997347,0.9997347,0.0
0,1,0.99592054,0.99592054,0.0
0,1,0.99969554,0.99969554,0.0
1,1,0.9995901,0.9995901,0.0
0,1,0.99991393,0.99991393,0.0
0,1,0.99432206,0.99432206,0.0
0,1,0.99985504,0.99985504,0.0
0,1,0.99966407,0.99966407,0.0
0,1,0.9999411,0.9999411,0.0
0,1,0.99994624,0.99994624,0.0
0,1,0.9947082,0.9947082,0.0
0,1,0.99994624,0.99994624,0.0
0,1,0.99990535,0.99990535,0.0
0,1,0.9999453,0.9999453,0.0
0,1,0.9997627,0.9997627,0.0
0,1,0.9982279,0.9982279,0.0
0,1,0.999206,0.999206,0.0
0,1,0.99997914,0.99997914,0.0
0,1,0.9965765,0.9965765,0.0
0,1,0.99997675,0.99997675,0.0
0,1,0.9966434,0.9966434,0.0
1,1,0.92636997,0.92636997,0.0
0,1,0.9998636,0.9998636,0.0
0,1,0.805944,0.8059441,5.9604645e-08
0,1,0.9998592,0.9998592,0.0
0,1,0.99997985,0.99997985,0.0
0,1,0.98454154,0.98454154,0.0
0,1,0.7178369,0.7178368,1.1920929e-07
0,1,0.9993649,0.9993649,0.0
0,1,0.9997234,0.9997234,0.0
1,1,0.9999807,0.9999807,0.0
0,1,0.9990395,0.9990395,0.0
0,1,0.96656567,0.96656555,1.1920929e-07
0,1,0.99994004,0.99994004,0.0
1,1,0.99957186,0.99957186,0.0
0,1,0.9998455,0.9998455,0.0
0,1,0.9947082,0.9947082,0.0
0,1,0.9990694,0.9990694,0.0
1,1,0.9994192,0.9994192,0.0
0,1,0.99994624,0.99994624,0.0
0,1,0.9992913,0.9992913,0.0
0,1,0.9999889,0.9999889,0.0
1,1,0.9893261,0.9893261,0.0
0,1,0.9998809,0.9998809,0.0
0,1,0.99991643,0.99991643,0.0
0,1,0.61074257,0.6107425,5.9604645e-08
0,1,0.9997558,0.9997558,0.0
1,1,0.99999344,0.99999344,0.0
0,1,0.99985266,0.99985266,0.0
0,1,0.99259394,0.99259394,0.0
0,1,0.99948776,0.99948776,0.0
0,1,0.99999,0.99999,0.0
0,1,0.999997,0.999997,0.0
0,1,0.999453,0.999453,0.0
0,1,0.99921715,0.99921715,0.0
0,1,0.9995024,0.9995024,0.0
0,1,0.999998,0.999998,0.0
1,1,0.98991054,0.98991054,0.0
0,1,0.9992943,0.9992943,0.0
0,1,0.9994547,0.9994547,0.0
0,1,0.99988115,0.99988115,0.0
0,1,0.99966717,0.99966717,0.0
0,1,0.9988154,0.9988154,0.0
1,1,0.9999938,0.9999938,0.0
0,1,0.99994624,0.99994624,0.0
0,1,0.97062624,0.97062624,0.0
0,1,0.9999554,0.9999554,0.0
0,1,0.9984648,0.9984648,0.0
0,1,0.999962,0.999962,0.0
0,1,0.9975604,0.9975604,0.0
0,1,0.99963486,0.99963486,0.0
0,1,0.9994382,0.9994382,0.0
0,1,0.999752,0.999752,0.0
0,1,0.9999821,0.9999821,0.0
0,1,0.99746907,0.99746907,0.0
